,rule,ratio,minus,trt_effect,nongroup_trt_effect,number,p_val,non_p_val,abs(ratio),abs(number-100),score
0,"[6, [1], 0]",18.681435347835848,-0.6181701819685692,-0.6531317204301077,-0.03496153846153849,103.0,0.019829995066325518,0.99090878056475,18.681435347835848,3.0,0.0
1,"[22, [1], 0]",-6.222132691363079,-1.0100158750691826,-0.870165789473683,0.1398500855954996,106.0,0.0011092169284001357,0.30943112442243226,6.222132691363079,6.0,0.0
2,"[22, [1, 2], 0]",-3.0891790276838975,-1.011656525788541,-0.7642580824972134,0.24739844329132765,131.0,0.0014922195743212125,0.19347451667388926,3.0891790276838975,31.0,0.0
3,"[26, [23.732500000000002], 2]",28.537908135030154,-1.196177884615385,-1.2396153846153855,-0.04343750000000046,60.0,0.002088879981808507,0.9797350917791049,28.537908135030154,40.0,0.0
4,"[31, [21.322499999999998], 2]",5.386612343390176,-0.6225334017327864,-0.7644500683994524,-0.14191666666666602,60.0,0.01940474302930635,0.7237004533396526,5.386612343390176,40.0,0.0
5,"[39, [49.355000000000004], 1]",-11.249838497647291,-0.7714697443459411,-0.7084917920656633,0.0629779522802778,120.0,0.01021950203128879,0.7077390259602281,11.249838497647291,20.0,0.0
6,"[39, [70.792500000000004], 1]",7.103502973398418,-0.758156794345644,-0.8823734610123113,-0.12421666666666731,60.0,0.02117477512997169,0.6080715898482464,7.103502973398418,40.0,0.0
