,rule,ratio,minus,trt_effect,nongroup_trt_effect,number,p_val,non_p_val,abs(ratio),abs(number-100),score
0,"[6, [0], 0]",15.733986963481602,-0.6362304089275099,-0.6794115526671112,-0.043181143739601247,108.0,0.017976158619861574,0.8960213178475135,15.733986963481602,8.0,0.0
1,"[6, [0, 2], 0]",56.82160536047873,-0.5903802705219121,-0.600956467080743,-0.010576196558830908,129.0,0.02624966471281619,0.92919926746507,56.82160536047873,29.0,0.0
2,"[7, [0], 0]",5.984643735097739,-0.5239455482180428,-0.629057483205262,-0.10511193498721916,103.0,0.041197331845689744,0.8241849075495742,5.984643735097739,3.0,0.0
3,"[10, [1], 0]",7.121716764651411,-0.580632578111496,-0.6754805758928111,-0.09484799778131503,98.0,0.011886294361378629,0.8959522049359492,7.121716764651411,2.0,0.0
4,"[24, [25.287500000000001], 2]",4.502306515316913,-0.607055555760299,-0.7803857748902967,-0.1733302191299977,60.0,0.009963213401811732,0.680034851892273,4.502306515316913,40.0,0.0
5,"[26, [19.552499999999998], 2]",2.559815363433019,-0.37752348742714403,-0.619554368951639,-0.24203088152449492,60.0,0.04724068075283408,0.47664358141071905,2.559815363433019,40.0,0.0
6,"[38, [24.730000000000004], 2]",9.806806358173516,-0.8359348330887952,-0.9308540125383322,-0.09491917944953698,60.0,0.013910960024965602,0.8460137383651982,9.806806358173516,40.0,0.0
7,"[38, [52.010000000000005], 2]",-5.94674624743918,-0.8665562552481854,-0.7418135016795446,0.12474275356864073,120.0,0.006775632958786512,0.3566857009975696,5.94674624743918,20.0,0.0
