,rule,ratio,minus,trt_effect,nongroup_trt_effect,number,p_val,non_p_val,abs(ratio),abs(number-100),score
0,"[8, [1], 0]",-6.608085376014191,-0.869582616428338,-0.7552854478963118,0.1142971685320262,103.0,0.01292865597157014,0.5721608701315792,6.608085376014191,3.0,0.0
1,"[16, [1], 0]",-8.579360953206665,-0.810130739463542,-0.7255603027276392,0.08457043673590281,108.0,0.007289600534546635,0.5229858762937708,8.579360953206665,8.0,0.0
2,"[27, [50.674999999999997], 1]",-5.177997791603601,-0.8424514616175802,-0.7060882756736584,0.13636318594392183,120.0,0.003652363023122136,0.3760722188968747,5.177997791603601,20.0,0.0
3,"[27, [72.310000000000002], 1]",20.640710294176614,-1.1690229420430525,-1.2285433425038068,-0.05952040046075435,60.0,0.005566896177598826,0.8483259771293901,20.640710294176614,40.0,0.0
4,"[29, [21.802499999999998], 2]",9.115416092145413,-0.7311970674417765,-0.8212968305518249,-0.09009976311004841,60.0,0.02944256612936068,0.8650531517037363,9.115416092145413,40.0,0.0
5,"[29, [49.640000000000001], 2]",-7.833824405422856,-0.6926283486007287,-0.6142219510074574,0.07840639759327139,120.0,0.02345570760948987,0.6927361190821673,7.833824405422856,20.0,0.0
