,rule,ratio,minus,trt_effect,nongroup_trt_effect,number,p_val,non_p_val,abs(ratio),abs(number-100),score
0,"[5, [0], 0]",-10.87151988102608,-0.7090846171185179,-0.6493547237076642,0.05972989341085366,101.0,0.01916229008211374,0.8268644408094479,10.87151988102608,1.0,0.0
1,"[23, [0, 2], 0]",-3.182666022637231,-0.8608360013860015,-0.6550256410256416,0.20581036036035982,143.0,0.002575990467702494,0.3668683762732907,3.182666022637231,43.0,0.0
2,"[30, [76.47999999999999], 1]",20.373759933516453,-0.7980380830124085,-0.8392297817715022,-0.041191698759093676,60.0,0.010275122203464422,0.8560286752098649,20.373759933516453,40.0,0.0
