,rule,ratio,minus,trt_effect,nongroup_trt_effect,number,p_val,non_p_val,abs(ratio),abs(number-100),score
0,"[27, [75.939999999999998], 1]",-6.1211126449775355,-0.799903540903542,-0.6875750915750922,0.11232844932844976,60.0,0.048151170500104486,0.39686122023642156,6.1211126449775355,40.0,0.0
