,rule,ratio,minus,trt_effect,nongroup_trt_effect,number,p_val,non_p_val,abs(ratio),abs(number-100),score
0,"[6, [1], 0]",10.991558553816382,-0.581916954557979,-0.6401578137216086,-0.058240859163629644,101.0,0.00953748524138344,0.7698302539073896,10.991558553816382,1.0,0.0
1,"[14, [1], 0]",-16.787171133211526,-0.710609208952194,-0.6706585499277598,0.03995065902443429,116.0,0.0029718027529195296,0.8557886218548102,16.787171133211526,16.0,0.0
2,"[15, [1], 0]",-11.866414655656351,-0.9277865187366201,-0.8556773458576981,0.07210917287892205,101.0,0.0012965607808576743,0.7387195900139676,11.866414655656351,1.0,0.0
3,"[25, [48.240000000000002], 2]",-8.420901889385538,-0.825221525450412,-0.737626777607832,0.08759474784258003,120.0,0.0013370401708293882,0.6680404726226674,8.420901889385538,20.0,0.0
4,"[27, [74.010000000000005], 1]",4.337732915357421,-0.5294533694885386,-0.6880800130562257,-0.15862664356768708,60.0,0.010883302424665469,0.41465030909676204,4.337732915357421,40.0,0.0
5,"[28, [74.367500000000007], 1]",2.7651866118516724,-0.38395512914472274,-0.6014704482428863,-0.21751531909816357,60.0,0.04806870358614427,0.2602743618017652,2.7651866118516724,40.0,0.0
6,"[37, [74.349999999999994], 1]",4.34907660501415,-0.5410787195017166,-0.7026392877764547,-0.16156056827473808,60.0,0.014647445035644892,0.42309260478057653,4.34907660501415,40.0,0.0
7,"[39, [73.947499999999991], 1]",4.647225270706965,-0.6047409023386328,-0.7705493889148984,-0.16580848657626568,60.0,0.03796907222690115,0.3527312845565289,4.647225270706965,40.0,0.0
8,"[43, [76.609999999999999], 1]",7.181190746026956,-0.727903578361385,-0.8456646390161229,-0.1177610606547379,60.0,0.012952813854148645,0.5025317952154134,7.181190746026956,40.0,0.0
