,rule,ratio,minus,trt_effect,nongroup_trt_effect,number,p_val,non_p_val,abs(ratio),abs(number-100),score
0,"[9, [1], 0]",60.758092554563675,-0.6133699509803927,-0.6236341666666672,-0.010264215686274447,107.0,0.006630556860454097,0.8789803024223676,60.758092554563675,7.0,0.0
1,"[9, [1, 2], 0]",-10.335914939963821,-0.6622381176726977,-0.6038186498855822,0.05841946778711549,130.0,0.003167513394629941,0.8850399460646144,10.335914939963821,30.0,0.0
2,"[12, [1], 0]",-21.970603576603185,-0.6603759399362366,-0.6316271986271982,0.028748741309038373,100.0,0.0039675716773815975,0.8583884551118973,21.970603576603185,0.0,0.0
3,"[32, [74.700000000000003], 1]",6.111197902837867,-0.5729222990271392,-0.6850138888888893,-0.11209158986175005,60.0,0.028673448884337142,0.4076155011672762,6.111197902837867,40.0,0.0
4,"[34, [47.865000000000002], 2]",-3.1612588034791584,-0.9117029581458338,-0.6926098901098889,0.21909306803594486,120.0,0.0008139446516416264,0.3592718221065645,3.1612588034791584,20.0,0.0
5,"[36, [50.265000000000001], 1]",-7.138199680779728,-0.7015489822595704,-0.6153445378151261,0.0862044444444443,120.0,0.0018763332205934842,0.6547208460185769,7.138199680779728,20.0,0.0
6,"[40, [40.859999999999999], 1]",-4.609068382296954,-0.7643058138226193,-0.6280432900432906,0.13626252377932868,119.0,0.004568810493933518,0.6231216538589879,4.609068382296954,19.0,0.0
7,"[40, [71.625], 1]",13.165071770335027,-0.7627500000000005,-0.82545,-0.06269999999999953,60.0,0.02297913163403048,0.5520044526933108,13.165071770335027,40.0,0.0
