,rule,ratio,minus,trt_effect,nongroup_trt_effect,number,p_val,non_p_val,abs(ratio),abs(number-100),score
0,"[23, [0], 0]",-15.682172113868743,-0.6714719759891263,-0.6312211038961033,0.04025087209302303,117.0,0.02816247404574427,0.6425783650202846,15.682172113868743,17.0,0.0
1,"[23, [0, 2], 0]",-3.5887957700444066,-0.823076249641467,-0.643709746774964,0.17936650286650302,137.0,0.014567374139593059,0.3733768795875192,3.5887957700444066,37.0,0.0
2,"[24, [23.907499999999999], 2]",9.862063855747202,-0.8267789896972255,-0.9200731707317082,-0.09329418103448273,60.0,0.008538604497002049,0.881223961412341,9.862063855747202,40.0,0.0
3,"[36, [74.325000000000003], 1]",301.7155872810001,-1.1225454741176453,-1.126278388278389,-0.0037329141607438387,60.0,0.004243972942895984,0.7416784757117074,301.7155872810001,40.0,0.0
4,"[39, [48.490000000000002], 1]",-8.113330986115544,-0.7304351476453963,-0.6502849644952136,0.08015018315018274,120.0,0.039815301551442105,0.7475504191054643,8.113330986115544,20.0,0.0
