,rule,ratio,minus,trt_effect,nongroup_trt_effect,number,p_val,non_p_val,abs(ratio),abs(number-100),score
0,"[7, [1], 0]",-5.312810530839327,-0.7747771183479921,-0.6520461866079925,0.1227309317399996,114.0,0.008175055624220481,0.8211508548075839,5.312810530839327,14.0,0.0
1,"[30, [72.715000000000003], 1]",7.584740109417739,-0.652321056881382,-0.751386630623375,-0.09906557374199298,60.0,0.03596554824768168,0.4843920468263523,7.584740109417739,40.0,0.0
2,"[38, [24.157500000000002], 2]",19.877062006412267,-0.7518341275384053,-0.7916620481800294,-0.039827920641624104,60.0,0.009371037399263133,0.6933011776949219,19.877062006412267,40.0,0.0
3,"[40, [73.9375], 1]",9.077846900173972,-0.6035173789575374,-0.6782300327644002,-0.07471265380686276,60.0,0.03959860640707085,0.557660327348894,9.077846900173972,40.0,0.0
