,rule,ratio,minus,trt_effect,nongroup_trt_effect,number,p_val,non_p_val,abs(ratio),abs(number-100),score
0,"[27, [50.810000000000002], 1]",-1.930137974720203,-1.3415058076563957,-0.8836755555555555,0.45783025210084016,120.0,0.0005487815038771866,0.0817236384494717,1.930137974720203,20.0,0.0
1,"[27, [74.359999999999999], 1]",8.329933843754429,-0.7074387235773987,-0.8039523809523805,-0.09651365737498185,60.0,0.021363616050223806,0.5432135038828433,8.329933843754429,40.0,0.0
2,"[32, [22.935000000000002], 2]",4.711334201353393,-0.5525849931005764,-0.7014761904761908,-0.1488911973756144,60.0,0.04210079262095568,0.4001306214176138,4.711334201353393,40.0,0.0
3,"[36, [69.225000000000009], 1]",9.377068618871315,-0.7938135150185834,-0.8885738125802307,-0.09476029756164728,60.0,0.016061354165237914,0.5236890849075312,9.377068618871315,40.0,0.0
4,"[37, [24.5975], 2]",25.674015680088953,-0.9299791712234651,-0.9676698002350177,-0.03769062901155262,60.0,0.004796951586270234,0.7178557562467601,25.674015680088953,40.0,0.0
5,"[39, [19.552500000000002], 2]",4.895066446390547,-0.6002111914533259,-0.7543064295485644,-0.1540952380952385,60.0,0.02461209353237656,0.4417365085823213,4.895066446390547,40.0,0.0
6,"[41, [70.614999999999995], 1]",6.745222465049715,-0.6578766880972413,-0.7723851674641145,-0.11450847936687314,60.0,0.031746643507097834,0.4377767682918168,6.745222465049715,40.0,0.0
7,"[43, [48.560000000000002], 1]",-4.397646703876923,-0.8945249999999989,-0.7287999999999997,0.16572499999999923,120.0,0.0011052187981056042,0.4952641098077877,4.397646703876923,20.0,0.0
8,"[43, [76.459999999999994], 1]",8.584295298594133,-0.7370716991144146,-0.8342556390977434,-0.09718393998332875,59.0,0.012372853809735972,0.6684633198246646,8.584295298594133,41.0,0.0
