,rule,ratio,minus,trt_effect,nongroup_trt_effect,number,p_val,non_p_val,abs(ratio),abs(number-100),score
0,"[6, [0, 2], 0]",-10.356195555510933,-0.6706430087252295,-0.6115877551020406,0.059055253623188975,139.0,0.013388584866401886,0.8068187737874872,10.356195555510933,39.0,0.0
1,"[14, [0], 0]",125.44951990760974,-0.7139086516586524,-0.7196451836451851,-0.005736531986532789,115.0,0.014577055608829378,0.9525955988962922,125.44951990760974,15.0,0.0
2,"[18, [0], 0]",6.686989280982912,-0.5357496584191708,-0.6299558599695585,-0.09420620155038772,109.0,0.03322287710771026,0.767497319309729,6.686989280982912,9.0,0.0
3,"[18, [0, 2], 0]",-12.142222371069389,-0.7049839806588558,-0.6513413043478256,0.05364267631103026,126.0,0.007986033996581836,0.6471910874125851,12.142222371069389,26.0,0.0
4,"[22, [1], 0]",9.669442294201335,-0.6568037334654511,-0.7325645161290328,-0.07576078266358177,94.0,0.028794107846211718,0.6619514501870152,9.669442294201335,6.0,0.0
5,"[22, [1, 2], 0]",17.181021848340457,-0.6050123535001575,-0.6424025974025973,-0.037390243902439835,117.0,0.03117804683394889,0.8721295122077348,17.181021848340457,17.0,0.0
6,"[23, [1], 0]",8.110274693639017,-0.6117585054065762,-0.6977971652003907,-0.08603865979381453,95.0,0.019435080334836527,0.7336124561209703,8.110274693639017,5.0,0.0
7,"[23, [1, 2], 0]",11.727559376307624,-0.5701861338376037,-0.6233376582278476,-0.05315152439024384,119.0,0.02270853108914712,0.9171324640271743,11.727559376307624,19.0,0.0
8,"[34, [23.447499999999998], 2]",4.761417859195203,-0.6183545622119819,-0.7827485714285718,-0.16439400921658986,60.0,0.03646687365396739,0.4564715877007649,4.761417859195203,40.0,0.0
9,"[37, [74.925000000000011], 1]",4.193529679482045,-0.5821313571171869,-0.7644159811985896,-0.18228462408140267,60.0,0.014070310850057855,0.4997130463607987,4.193529679482045,40.0,0.0
10,"[40, [21.137499999999999], 2]",5.642221197779247,-0.7426901831863804,-0.9026761363636373,-0.15998595317725695,60.0,0.0337566772838736,0.4793743049611563,5.642221197779247,40.0,0.0
11,"[42, [27.0275], 2]",3.106035012263713,-0.4480311447128802,-0.660767942583731,-0.21273679787085076,60.0,0.039826222018557,0.4589823316830032,3.106035012263713,40.0,0.0
