,rule,ratio,minus,trt_effect,nongroup_trt_effect,number,p_val,non_p_val,abs(ratio),abs(number-100),score
0,"[11, [1], 0]",5.427146233969172,-0.5171242191142191,-0.6339317948717946,-0.1168075757575755,101.0,0.040687706016220355,0.6998641986247411,5.427146233969172,1.0,0.0
1,"[18, [1], 0]",-11.346616298755189,-0.8876586653291785,-0.8157637717121577,0.07189489361702073,96.0,0.0023338114715632,0.6116343111921767,11.346616298755189,4.0,0.0
2,"[18, [1, 2], 0]",-3.50407424538578,-1.1057419780219764,-0.8602438095238085,0.24549816849816786,117.0,0.0002826093063045301,0.22446310629835065,3.50407424538578,17.0,0.0
3,"[19, [1], 0]",-65.14265680995574,-0.7848928608115058,-0.7730261941448386,0.011866666666667136,92.0,0.006467406844871374,0.9395949613220901,65.14265680995574,8.0,0.0
4,"[19, [1, 2], 0]",-3.8121986100297027,-1.100910737009544,-0.8721357370095442,0.22877499999999973,110.0,0.0006225193701737605,0.29640356452919014,3.8121986100297027,10.0,0.0
5,"[24, [20.877499999999998], 2]",4.771776920541936,-0.5586315934065942,-0.7067399267399264,-0.14810833333333218,60.0,0.02365109285750052,0.6155216562255111,4.771776920541936,40.0,0.0
6,"[27, [72.550000000000011], 1]",4.028814223615765,-0.5189664224664226,-0.6903095238095238,-0.17134310134310127,60.0,0.01132241048889423,0.5667636067944439,4.028814223615765,40.0,0.0
7,"[32, [46.739999999999995], 1]",-50.34804698139041,-0.626615452448787,-0.6144121557454891,0.012203296703297895,120.0,0.01226053918079825,0.8023212428803053,50.34804698139041,20.0,0.0
8,"[39, [25.557499999999997], 2]",7.46185520470773,-0.6928084084895954,-0.8000235017626318,-0.10721509327303647,60.0,0.04161494292690783,0.6124435013519179,7.46185520470773,40.0,0.0
