,rule,ratio,minus,trt_effect,nongroup_trt_effect,number,p_val,non_p_val,abs(ratio),abs(number-100),score
0,"[26, [78.717500000000001], 1]",-121.78077526678463,-0.7813890997382567,-0.7750250000000003,0.006364099738256357,60.0,0.03919968859584669,0.8870483765267416,121.78077526678463,40.0,0.0
1,"[31, [47.875], 1]",-2.486496301114009,-0.9130725139058491,-0.6511842355175705,0.26188827838827855,120.0,0.012456104103463842,0.3742266612248546,2.486496301114009,20.0,0.0
2,"[31, [75.305000000000007], 1]",-31.56477817764976,-0.9290787360252848,-0.9005485636114914,0.02853017241379341,60.0,0.012359532724420553,0.9463922234250387,31.56477817764976,40.0,0.0
3,"[38, [75.357500000000016], 1]",144.0147876738087,-0.7339678881388609,-0.7390999999999988,-0.0051321118611378225,60.0,0.032953434956950835,0.879891761285779,144.0147876738087,40.0,0.0
4,"[41, [22.657499999999999], 2]",176.29633507855513,-0.8176214896214917,-0.8222857142857158,-0.004664224664224115,60.0,0.019756082077105094,0.9033245077489152,176.29633507855513,40.0,0.0
