,rule,ratio,minus,trt_effect,nongroup_trt_effect,number,p_val,non_p_val,abs(ratio),abs(number-100),score
0,"[20, [0, 2], 0]",-2.9033067406041333,-0.8545703293856954,-0.6356353631694791,0.21893496621621633,134.0,0.008547838877291011,0.5288953553827507,2.9033067406041333,34.0,0.0
1,"[25, [78.767499999999998], 1]",11.609438603066668,-0.8797802475302472,-0.9627045454545451,-0.0829242979242979,60.0,0.03591469758128743,0.5367001999811363,11.609438603066668,40.0,0.0
2,"[27, [27.055], 2]",173.97460460771003,-1.1563320637695629,-1.163017045454545,-0.006684981684982105,60.0,0.003088597309678312,0.7358179762770364,173.97460460771003,40.0,0.0
3,"[42, [25.127500000000001], 2]",34.162575123990315,-0.9021448677248669,-0.9293485714285712,-0.027203703703704285,60.0,0.01610355319101486,0.6987034918531956,34.162575123990315,40.0,0.0
4,"[43, [76.342500000000001], 1]",90.35140156800449,-1.0139109192048856,-1.025258373205741,-0.01134745400085535,60.0,0.00027738105890567585,0.99263934422787,90.35140156800449,40.0,0.0
