,rule,ratio,minus,trt_effect,nongroup_trt_effect,number,p_val,non_p_val,abs(ratio),abs(number-100),score
0,"[6, [0], 0]",12.873706681520236,-0.6426237330273468,-0.6967453102453103,-0.05412157721796351,113.0,0.03754661107545636,0.877189814042266,12.873706681520236,13.0,0.0
1,"[6, [0, 2], 0]",-14.476887524683386,-0.745586723177623,-0.697412520064205,0.048174203113418024,131.0,0.029643877965885742,0.653941403832642,14.476887524683386,31.0,0.0
2,"[31, [67.169999999999987], 1]",4.595555953767597,-0.6688333333333345,-0.8548500000000008,-0.18601666666666627,60.0,0.014434078324907474,0.9238491481190255,4.595555953767597,40.0,0.0
3,"[32, [45.829999999999998], 2]",25.104387990762604,-0.652325000000002,-0.6793875000000016,-0.027062499999999545,120.0,0.019816789389019707,0.5495364563317365,25.104387990762604,20.0,0.0
4,"[33, [73.4375], 1]",2.444176861574028,-0.3747999999999996,-0.6343249999999996,-0.259525,60.0,0.03168743695884528,0.743120015276667,2.444176861574028,40.0,0.0
5,"[38, [51.504999999999995], 2]",30.345535219078915,-0.6613750000000005,-0.6839125000000008,-0.02253750000000032,120.0,0.02346497828868561,0.6400493075693652,30.345535219078915,20.0,0.0
6,"[40, [72.092500000000001], 1]",4.960531851935032,-0.6817012490528134,-0.8538249118683892,-0.17212366281557578,60.0,0.029125079586265673,0.8584428790909961,4.960531851935032,40.0,0.0
