,rule,ratio,minus,trt_effect,nongroup_trt_effect,number,p_val,non_p_val,abs(ratio),abs(number-100),score
0,"[6, [1, 2], 0]",-2.172397122036418,-0.9628507256235812,-0.6593418367346926,0.3035088888888886,129.0,0.004996826596528674,0.1124105846553637,2.172397122036418,29.0,0.0
1,"[7, [1], 0]",-3.828999570530619,-0.8760810802088841,-0.6946602564102564,0.18142082379862767,99.0,0.01035656262958323,0.2412237810609671,3.828999570530619,1.0,0.0
2,"[7, [1, 2], 0]",-1.905048088115651,-1.2027724229670982,-0.7887440191387567,0.4140284038283415,120.0,0.001527128401747311,0.03114139428098756,1.905048088115651,20.0,0.0
3,"[38, [24.7425], 2]",-47.59174466287722,-0.8005332847827464,-0.7840586080586087,0.016474676724137716,60.0,0.033087928230606675,0.5875521814081681,47.59174466287722,40.0,0.0
