,rule,ratio,minus,trt_effect,nongroup_trt_effect,number,p_val,non_p_val,abs(ratio),abs(number-100),score
0,"[14, [1], 0]",10.717638184881425,-0.5548320585300957,-0.6119274193548376,-0.05709536082474198,95.0,0.031785647882890844,0.8172493289832055,10.717638184881425,5.0,0.0
1,"[14, [1, 2], 0]",-12.052171669008235,-0.6917060922564175,-0.6387106130520763,0.05299547920434122,119.0,0.017060044097274563,0.844603473281667,12.052171669008235,19.0,0.0
2,"[35, [22.655000000000001], 2]",5.042306972625953,-0.5594889709028674,-0.6978973042362,-0.13840833333333258,60.0,0.024537557411635845,0.5891015594540312,5.042306972625953,40.0,0.0
3,"[38, [77.702500000000001], 1]",6.260246818850349,-0.6500826149425292,-0.7736666666666663,-0.12358405172413711,60.0,0.007171485075801834,0.6561282110024215,6.260246818850349,40.0,0.0
4,"[43, [53.015000000000001], 1]",-6.844717037987711,-0.7350016493069669,-0.641307811052795,0.09369383825417188,120.0,0.004226129610733815,0.5274818115714974,6.844717037987711,20.0,0.0
