,rule,ratio,minus,trt_effect,nongroup_trt_effect,number,p_val,non_p_val,abs(ratio),abs(number-100),score
0,"[5, [1], 0]",-10.799195578850702,-0.787664904862579,-0.7209090909090907,0.06675581395348829,111.0,0.006350955026579775,0.9960136654091158,10.799195578850702,11.0,0.0
1,"[31, [24.319999999999997], 2]",3.8975414835127835,-0.48589356060606104,-0.6535852272727265,-0.16769166666666546,60.0,0.03238042991508655,0.3755799110380392,3.8975414835127835,40.0,0.0
2,"[38, [27.07], 2]",8.41655310128907,-0.7700437020669684,-0.8738714090287276,-0.10382770696175925,60.0,0.03228960024308737,0.4011524142394267,8.41655310128907,40.0,0.0
3,"[43, [32.465000000000003], 2]",-4107.746341458039,-1.0123713942307697,-1.0121250000000002,0.00024639423076955325,60.0,0.005246130404696795,0.8547578149544479,4107.746341458039,40.0,0.0
4,"[43, [58.189999999999998], 2]",-5.406684823262859,-0.8311046029037987,-0.7013800065125366,0.1297245963912621,120.0,0.003395579467289796,0.7094449468790558,5.406684823262859,20.0,0.0
