,rule,ratio,minus,trt_effect,nongroup_trt_effect,number,p_val,non_p_val,abs(ratio),abs(number-100),score
0,"[18, [1], 0]",10.513983839158904,-0.5651004369227373,-0.6244972623195624,-0.059396825396825115,90.0,0.012873718958102368,0.6742198509652682,10.513983839158904,10.0,0.0
1,"[21, [0], 0]",-23.557731514533252,-0.7064354899486469,-0.6776691729323305,0.02876631701631638,118.0,0.0006389021989984346,0.7938977698495687,23.557731514533252,18.0,0.0
2,"[21, [0, 2], 0]",-5.173205341936663,-0.7755495342738277,-0.64991795532646,0.12563157894736765,145.0,0.0006309549711114588,0.4429221183108135,5.173205341936663,45.0,0.0
3,"[25, [72.25], 1]",7.97675829908651,-0.8140360248447207,-0.930714285714286,-0.11667826086956534,60.0,0.0016110328106323198,0.4849428074499832,7.97675829908651,40.0,0.0
4,"[28, [75.547499999999999], 1]",2.9540809482748163,-0.41259500637761537,-0.6237403055229143,-0.2111452991452989,60.0,0.014070310850057855,0.2756401246919492,2.9540809482748163,40.0,0.0
5,"[32, [71.137500000000003], 1]",4.11149819278908,-0.5573973244147155,-0.7365384615384611,-0.1791411371237457,60.0,0.010318566961199172,0.3028044762437373,4.11149819278908,40.0,0.0
6,"[38, [28.855], 2]",3.0494333552667325,-0.4324704757313462,-0.6434900117508819,-0.21101953601953571,60.0,0.020415304491464847,0.2513203306706415,3.0494333552667325,40.0,0.0
7,"[40, [23.880000000000003], 2]",4.033903632444412,-0.5531853274198486,-0.7355198358413135,-0.18233450842146492,60.0,0.009318646482059026,0.2922076934206126,4.033903632444412,40.0,0.0
