,rule,ratio,minus,trt_effect,nongroup_trt_effect,number,p_val,non_p_val,abs(ratio),abs(number-100),score
0,"[14, [1], 0]",-4.843982413395556,-0.7885250772602799,-0.6535956709956707,0.13492940626460914,101.0,0.014372526123605707,0.6479808907393583,4.843982413395556,1.0,0.0
1,"[15, [1], 0]",-9.471391670061983,-0.760594167697338,-0.6879587251828632,0.07263544251447485,95.0,0.014179230896689446,0.8078246592149019,9.471391670061983,5.0,0.0
2,"[18, [0], 0]",-8.736312374251801,-0.7394707019220554,-0.6635209302325578,0.07594977168949768,116.0,0.009647365766744256,0.7956538705146259,8.736312374251801,16.0,0.0
3,"[18, [0, 2], 0]",-2.479988503277391,-1.0068013491884438,-0.7174896608767565,0.2893116883116873,132.0,0.0018254932831993913,0.2553221437734078,2.479988503277391,32.0,0.0
4,"[27, [70.652500000000003], 1]",30.424716620385325,-0.7861024627546369,-0.8128181818181819,-0.026715719063544974,60.0,0.014663883933491786,0.9028167202648054,30.424716620385325,40.0,0.0
5,"[34, [70.580000000000013], 1]",171.71606499888878,-0.7845098558314865,-0.7891052631578948,-0.004595407326408285,60.0,0.012883466173662688,0.990392640430525,171.71606499888878,40.0,0.0
6,"[36, [49.885000000000005], 2]",-4.591037427191539,-0.8002206945923565,-0.6570950752393987,0.14312561935295776,120.0,0.012372495047498233,0.5049845621114568,4.591037427191539,20.0,0.0
