,rule,ratio,minus,trt_effect,nongroup_trt_effect,number,p_val,non_p_val,abs(ratio),abs(number-100),score
0,"[5, [1], 0]",8.848727195337128,-0.6451714597413654,-0.7273722349351646,-0.0822007751937992,107.0,0.005496518739304897,0.8117913967660624,8.848727195337128,7.0,0.0
1,"[6, [0], 0]",3.6934331937120377,-0.45232148962149044,-0.6202564102564105,-0.1679349206349201,108.0,0.04099517586565083,0.4007261170276447,3.6934331937120377,8.0,0.0
2,"[8, [0], 0]",44.88230956095469,-0.7526320484066904,-0.7697831978319787,-0.01715114942528828,113.0,0.0031178923370589833,0.8355306066780881,44.88230956095469,13.0,0.0
3,"[8, [0, 2], 0]",720.2635111731419,-0.6877529192546579,-0.6887091097308478,-0.0009561904761898887,130.0,0.0025381431072156488,0.7998892521978317,720.2635111731419,30.0,0.0
4,"[9, [0], 0]",7.7686071183141925,-0.6321939865799884,-0.7255948851000733,-0.09340089852008493,109.0,0.003306002657137633,0.9238549055022214,7.7686071183141925,9.0,0.0
5,"[10, [0, 2], 0]",85.26842757709278,-0.6303166444631092,-0.6377965116279078,-0.007479867164798648,134.0,0.003926606461921175,0.6998641136203674,85.26842757709278,34.0,0.0
6,"[17, [0], 0]",22.867998711204756,-0.7195761921595247,-0.7524816354816348,-0.032905443322110095,115.0,0.002784887855636409,0.756438219723926,22.867998711204756,15.0,0.0
7,"[42, [49.629999999999995], 1]",6.3620317555137165,-0.5299390673981188,-0.6287708333333333,-0.09883176593521448,120.0,0.010369374205224815,0.7376184584139174,6.3620317555137165,20.0,0.0
