,rule,ratio,minus,trt_effect,nongroup_trt_effect,number,p_val,non_p_val,abs(ratio),abs(number-100),score
0,"[6, [0], 0]",-3.635079948399467,-0.9051289118490198,-0.7098509615384607,0.19527795031055906,110.0,0.010765332425587444,0.5141167514026327,3.635079948399467,10.0,0.0
1,"[6, [0, 2], 0]",-2.2869396417230337,-0.8647478593872755,-0.6016618421052637,0.26308601728201175,135.0,0.02059200370577015,0.46325243867400445,2.2869396417230337,35.0,0.0
2,"[20, [1, 2], 0]",-1.9905327643195923,-0.9561522677319063,-0.636425870101399,0.31972639763050736,130.0,0.008912234318996043,0.25216554939895797,1.9905327643195923,30.0,0.0
3,"[30, [24.0075], 2]",-1231.4719924020064,-0.7727335254233694,-0.7721065468549417,0.0006269785684276385,60.0,0.020768255816783533,0.9829808522211497,1231.4719924020064,40.0,0.0
4,"[33, [28.1875], 2]",57.515050381193824,-0.7311411994826367,-0.7440783055198974,-0.012937106037260726,60.0,0.032568088801073446,0.9781193222488733,57.515050381193824,40.0,0.0
5,"[40, [73.047500000000014], 1]",-216.25995592404288,-0.6862845316976891,-0.6831257142857146,0.003158817411974546,60.0,0.030261260600464166,0.8371293633308989,216.25995592404288,40.0,0.0
6,"[42, [49.695], 1]",-2.184386463802845,-1.0418775946275938,-0.7146944444444445,0.32718315018314925,120.0,0.012733770457914302,0.211676213240943,2.184386463802845,20.0,0.0
