,rule,ratio,minus,trt_effect,nongroup_trt_effect,number,p_val,non_p_val,abs(ratio),abs(number-100),score
0,"[11, [1], 0]",-12.128750722492121,-0.8515005556100261,-0.7866428571428568,0.06485769846716938,100.0,0.0014640810398422164,0.6994233242990584,12.128750722492121,0.0,0.0
1,"[15, [1], 0]",5.08049978533801,-0.5107059425873866,-0.6358636363636361,-0.12515769377624952,89.0,0.03662123247168545,0.5306676881420354,5.08049978533801,11.0,0.0
2,"[23, [1], 0]",7.621062709009977,-0.561035416487619,-0.6457703663203942,-0.08473494983277519,90.0,0.016262235886384632,0.5976322971531416,7.621062709009977,10.0,0.0
3,"[27, [49.085000000000001], 1]",-13.430160824047636,-0.6519340515150169,-0.606755480086445,0.045178571428571956,120.0,0.007588108309069357,0.7593151116505704,13.430160824047636,20.0,0.0
4,"[27, [74.905000000000001], 1]",161.69415678934297,-0.9288199519230771,-0.9346000000000005,-0.00578004807692345,60.0,0.0037153860817567778,0.8349949770982656,161.69415678934297,40.0,0.0
5,"[33, [79.205000000000013], 1]",3.519307273681523,-0.43955174368848926,-0.6140249999999998,-0.17447325631151056,60.0,0.034262486261838414,0.3427869725512608,3.519307273681523,40.0,0.0
6,"[34, [77.372500000000002], 1]",9.318958153228598,-0.6794476059910828,-0.7611222091656868,-0.08167460317460407,60.0,0.007975228719849212,0.6860364704641922,9.318958153228598,40.0,0.0
