,rule,ratio,minus,trt_effect,nongroup_trt_effect,number,p_val,non_p_val,abs(ratio),abs(number-100),score
0,"[5, [1], 0]",4.853150766322344,-0.5332355394182668,-0.6716250216256334,-0.13838948220736658,99.0,0.013921600474358503,0.842854687719744,4.853150766322344,1.0,0.0
1,"[16, [0], 0]",209.9529745701631,-0.7892711048326086,-0.7930483714949101,-0.0037772666623014928,107.0,0.004972849997261577,0.7071550353195739,209.9529745701631,7.0,0.0
2,"[16, [0, 2], 0]",-10.716976217319436,-0.846252935044534,-0.7740284191499258,0.07222451589460821,123.0,0.0033717786928888355,0.5087385654666665,10.716976217319436,23.0,0.0
3,"[24, [47.155000000000001], 1]",-337.88871577093187,-0.683042724652454,-0.6810271877140268,0.0020155369384271538,120.0,0.004603190693177368,0.7138417609049744,337.88871577093187,20.0,0.0
4,"[36, [25.079999999999998], 2]",3.367897397727076,-0.5197017099335977,-0.7391798471334843,-0.21947813719988662,60.0,0.017890872668480516,0.4890235397561332,3.367897397727076,40.0,0.0
5,"[37, [49.844999999999999], 2]",7.12485953047309,-0.5210021285568178,-0.6060656513959408,-0.085063522839123,120.0,0.02005200877564605,0.8726065049742132,7.12485953047309,20.0,0.0
6,"[39, [72.454999999999998], 1]",3.013418387396518,-0.45215727259181193,-0.6767292122453883,-0.22457193965357636,60.0,0.029791013545681443,0.4849766538111423,3.013418387396518,40.0,0.0
