,rule,ratio,minus,trt_effect,nongroup_trt_effect,number,p_val,non_p_val,abs(ratio),abs(number-100),score
0,"[6, [1], 0]",-15.356364349913688,-0.7047119097599053,-0.6616270349867639,0.04308487477314138,106.0,0.012428402433595819,0.9693924426663516,15.356364349913688,6.0,0.0
1,"[8, [1, 2], 0]",-10.837882684164935,-0.677395561530644,-0.6201728655803986,0.05722269595024532,130.0,0.006764014081073631,0.8008466145359707,10.837882684164935,30.0,0.0
2,"[22, [0], 0]",24.726044587152675,-0.6323071488792955,-0.6589574886169896,-0.02665033973769404,112.0,0.007600490606931945,0.9467945747361122,24.726044587152675,12.0,0.0
3,"[22, [0, 2], 0]",-9.65380019531412,-0.6717235239110506,-0.6086733904754249,0.06305013343562571,136.0,0.008284933368938086,0.7923446107819232,9.65380019531412,36.0,0.0
