,rule,ratio,minus,trt_effect,nongroup_trt_effect,number,p_val,non_p_val,abs(ratio),abs(number-100),score
0,"[8, [0], 0]",-9.08374996937769,-0.7974845704948637,-0.7183984593837529,0.07908611111111075,110.0,0.030809879014472227,0.9497233774063603,9.08374996937769,10.0,0.0
1,"[8, [0, 2], 0]",-5.442266426163513,-0.7526285123472611,-0.6358018456805947,0.11682666666666641,130.0,0.038758574362518075,0.8927960455158865,5.442266426163513,30.0,0.0
2,"[19, [0], 0]",-188.9991162557951,-0.6186670731284254,-0.6154109154929577,0.0032561576354677157,111.0,0.048301019195096724,0.9579115940395064,188.9991162557951,11.0,0.0
3,"[25, [71.670000000000002], 1]",4.840040377508329,-0.5779343527640934,-0.7284365079365074,-0.15050215517241394,60.0,0.030651220010173327,0.659370441411222,4.840040377508329,40.0,0.0
4,"[27, [50.765000000000001], 1]",-8.581946529043474,-0.7199635073260069,-0.6448260073260066,0.0751375000000003,120.0,0.015717589893562145,0.6400493075693652,8.581946529043474,20.0,0.0
5,"[27, [76.452500000000001], 1]",233.27597016694426,-1.0312675655429748,-1.0357074030552313,-0.004439837512256517,60.0,0.004796951586270234,0.7536087636038868,233.27597016694426,40.0,0.0
6,"[29, [79.905000000000001], 1]",4.954972976923554,-0.591982469154118,-0.7416630036630041,-0.14968053450888608,60.0,0.02317730350588853,0.7202518390292698,4.954972976923554,40.0,0.0
