,rule,ratio,minus,trt_effect,nongroup_trt_effect,number,p_val,non_p_val,abs(ratio),abs(number-100),score
0,"[5, [1], 0]",-5.512198659510121,-0.7632740842490859,-0.6460672660672673,0.11720681818181866,116.0,0.020975110340744722,0.734269681084721,5.512198659510121,16.0,0.0
1,"[12, [1, 2], 0]",-4.308405430043232,-0.7816120721924982,-0.6343716094032548,0.1472404627892434,121.0,0.010579850072908587,0.4828128365965966,4.308405430043232,21.0,0.0
2,"[31, [75.795000000000002], 1]",8.466122624763777,-0.643803059979934,-0.7300329670329679,-0.0862299070530339,60.0,0.048151170500104486,0.6429406415806964,8.466122624763777,40.0,0.0
3,"[43, [27.155000000000001], 2]",17.71207118164649,-0.8020802212710976,-0.8500742857142862,-0.047994064443188655,60.0,0.009908885836875473,0.9365673911045088,17.71207118164649,40.0,0.0
4,"[43, [53.210000000000001], 2]",-2.477305578353148,-1.2811663243165698,-0.9127298163800628,0.36843650793650706,120.0,0.00012368024045223113,0.10882747632730705,2.477305578353148,20.0,0.0
