,rule,ratio,minus,trt_effect,nongroup_trt_effect,number,p_val,non_p_val,abs(ratio),abs(number-100),score
0,"[27, [20.93], 2]",-4.935158078101787,-0.9237889728680644,-0.7681420700035133,0.15564690286455107,60.0,0.03183207076170602,0.24938312883059943,4.935158078101787,40.0,0.0
