,rule,ratio,minus,trt_effect,nongroup_trt_effect,number,p_val,non_p_val,abs(ratio),abs(number-100),score
0,"[6, [1, 2], 0]",-7.2400474993508395,-0.6897752743371104,-0.6060651653369558,0.08371010900015463,131.0,0.018428575591308536,0.7105221844212717,7.2400474993508395,31.0,0.0
1,"[7, [1], 0]",-9.404686740489755,-0.8132844255344489,-0.735119225003273,0.07816520053117593,111.0,0.006503442656510025,0.7325182727401283,9.404686740489755,11.0,0.0
2,"[7, [1, 2], 0]",-2.3408123831904577,-1.0283099999584167,-0.7205076207729126,0.307802379185504,140.0,0.0020114133950931774,0.2364601282305172,2.3408123831904577,40.0,0.0
3,"[9, [0], 0]",28.393267630170413,-0.6050400042080861,-0.6271271831593737,-0.022087178951287534,107.0,0.033702641092400364,0.7863448603692826,28.393267630170413,7.0,0.0
4,"[16, [1], 0]",-12.45568258081825,-0.837601738973877,-0.7753528167105115,0.062248922263365536,94.0,0.0027864622826435028,0.7194064975927316,12.45568258081825,6.0,0.0
5,"[33, [24.469999999999999], 2]",4.015250947347133,-0.5032207880175559,-0.6701126311194701,-0.16689184310191418,60.0,0.03572724387701972,0.4636670770509693,4.015250947347133,40.0,0.0
