,rule,ratio,minus,trt_effect,nongroup_trt_effect,number,p_val,non_p_val,abs(ratio),abs(number-100),score
0,"[27, [78.347499999999997], 1]",10.32326377927585,-0.7298075910522499,-0.8080857142857143,-0.07827812323346439,60.0,0.021357677344990268,0.9013399673005646,10.32326377927585,40.0,0.0
1,"[33, [21.802499999999998], 2]",5.370636938224118,-0.6290057566812193,-0.7729220246238038,-0.1439162679425845,60.0,0.011260191513771643,0.8007963384288802,5.370636938224118,40.0,0.0
2,"[41, [72.142499999999998], 1]",3.7157555171187457,-0.44020312856473875,-0.6022954545454544,-0.16209232598071566,60.0,0.048550292096513,0.633766903367678,3.7157555171187457,40.0,0.0
3,"[42, [79.954999999999998], 1]",6.94166187198824,-0.6688403277300692,-0.7814082156611031,-0.1125678879310339,60.0,0.0225846460023123,0.8133704880944574,6.94166187198824,40.0,0.0
