,rule,ratio,minus,trt_effect,nongroup_trt_effect,number,p_val,non_p_val,abs(ratio),abs(number-100),score
0,"[10, [1], 0]",-19.13920457169833,-0.7368736612133286,-0.7002846460618137,0.036589015151514914,93.0,0.02684750922659028,0.8801572949243889,19.13920457169833,7.0,0.0
1,"[11, [1], 0]",-3.0890117313909986,-1.2807178187144395,-0.9675081967213117,0.31320962199312774,101.0,0.001060404417746281,0.2038845132715873,3.0890117313909986,1.0,0.0
2,"[11, [1, 2], 0]",-2.865305549171332,-0.9688858463726895,-0.7182236842105274,0.2506621621621621,121.0,0.006985682884069066,0.2830116238587782,2.865305549171332,21.0,0.0
3,"[26, [75.537499999999994], 1]",-20.863373395384095,-1.1171182786233889,-1.0660228571428574,0.05109542148053148,60.0,0.0017703348787176042,0.5344856600899366,20.863373395384095,40.0,0.0
4,"[27, [22.767499999999998], 2]",5.773306803456567,-0.6196802578351441,-0.7495022624434391,-0.12982200460829496,60.0,0.04402225430236428,0.6243097772382576,5.773306803456567,40.0,0.0
5,"[34, [51.420000000000002], 2]",-2.361764704817709,-1.2096726278085308,-0.8498399999999986,0.3598326278085322,120.0,0.002696282209708217,0.2010318843746436,2.361764704817709,20.0,0.0
6,"[36, [53.674999999999997], 1]",-5.23230140995843,-0.7229307283186817,-0.6069333333333349,0.11599739498534678,120.0,0.01162364148849618,0.48456614752962845,5.23230140995843,20.0,0.0
7,"[43, [72.560000000000002], 1]",8.882410479749407,-0.658476630823654,-0.7420141010575803,-0.08353747023392621,60.0,0.0408595481828411,0.8097517026386118,8.882410479749407,40.0,0.0
