,rule,ratio,minus,trt_effect,nongroup_trt_effect,number,p_val,non_p_val,abs(ratio),abs(number-100),score
0,"[14, [0], 0]",10.100538146979506,-0.5815170837893087,-0.6454162812210908,-0.06389919743178218,116.0,0.0011406256560437956,0.8134817809691367,10.100538146979506,16.0,0.0
1,"[25, [22.907499999999999], 2]",4.749210933280899,-0.6982367472778241,-0.8844724005134781,-0.18623565323565394,60.0,0.002740014528498155,0.31144736724527655,4.749210933280899,40.0,0.0
2,"[25, [48.200000000000003], 2]",6.353280711548636,-0.5513218622349054,-0.6543095238095242,-0.1029876615746188,120.0,0.002496908915141548,0.6347930346486381,6.353280711548636,20.0,0.0
3,"[26, [72.517500000000013], 1]",4.5905168593944525,-0.6476498806607616,-0.8280277777777769,-0.18037789711701535,60.0,0.005006610657445084,0.2535631595762463,4.5905168593944525,40.0,0.0
4,"[29, [27.634999999999998], 2]",3.5622667225993334,-0.5681829149197668,-0.7899330199764973,-0.22175010505673054,60.0,0.025920437757352612,0.13339294153742964,3.5622667225993334,40.0,0.0
5,"[30, [74.649999999999991], 1]",6.439406366235333,-0.8144604465709726,-0.9641937799043063,-0.14973333333333372,60.0,0.0018942517571125153,0.28682866056508094,6.439406366235333,40.0,0.0
6,"[40, [22.740000000000002], 2]",3.358822839063954,-0.5274799890650623,-0.7511000000000001,-0.22362001093493777,60.0,0.029280157743036585,0.146366658714743,3.358822839063954,40.0,0.0
7,"[41, [25.844999999999999], 2]",3.853604488651591,-0.5756623030303025,-0.7773939393939386,-0.2017316363636361,60.0,0.02255778820188996,0.16748132300228558,3.853604488651591,40.0,0.0
