,rule,ratio,minus,trt_effect,nongroup_trt_effect,number,p_val,non_p_val,abs(ratio),abs(number-100),score
0,"[16, [1], 0]",10.087036818470201,-0.6598158493031958,-0.7324265212399554,-0.07261067193675963,93.0,0.013044028743266203,0.7823896101654083,10.087036818470201,7.0,0.0
1,"[16, [1, 2], 0]",-4.232585581422367,-0.9864098785951727,-0.7978969793322737,0.18851289926289905,122.0,0.0017638541895709462,0.4541529886757262,4.232585581422367,22.0,0.0
2,"[17, [1], 0]",-8.20724274686005,-0.9856389994105506,-0.8785886015325666,0.10705039787798398,101.0,0.0015973261134002244,0.5350806114218001,8.20724274686005,1.0,0.0
3,"[17, [1, 2], 0]",-1.7405144181111591,-1.6623517141753519,-1.0557678906459387,0.6065838235294132,132.0,9.178859661421708e-06,0.015489084888824445,1.7405144181111591,32.0,0.0
4,"[25, [21.829999999999998], 2]",7.972556336814429,-0.8341430402774872,-0.953775353016689,-0.11963231273920183,60.0,0.015715176985380695,0.4617146742961986,7.972556336814429,40.0,0.0
5,"[26, [52.460000000000001], 2]",-36.72014427412032,-0.6639942857142858,-0.6463911111111109,0.017603174603174843,120.0,0.02379262662294072,0.8568447285257077,36.72014427412032,20.0,0.0
6,"[38, [46.609999999999999], 1]",7.904682091539874,-0.5638320923920164,-0.6454914772727287,-0.08165938488071234,120.0,0.01472530552976468,0.7225503870083502,7.904682091539874,20.0,0.0
7,"[38, [77.239999999999995], 1]",5.56302722482937,-0.7006915208706443,-0.8542500000000004,-0.15355847912935605,60.0,0.030463377319112157,0.39240590528630914,5.56302722482937,40.0,0.0
