,rule,ratio,minus,trt_effect,nongroup_trt_effect,number,p_val,non_p_val,abs(ratio),abs(number-100),score
0,"[8, [0, 2], 0]",-2.077961627036098,-0.9462912695147994,-0.6388503770739069,0.30744089244089245,124.0,0.02553090234439119,0.2655765280947209,2.077961627036098,24.0,0.0
1,"[27, [23.344999999999999], 2]",-12.907008482405221,-1.0513698412698425,-0.9757698412698419,0.07560000000000056,60.0,0.016967679845510206,0.7988028123688979,12.907008482405221,40.0,0.0
2,"[28, [74.557500000000005], 1]",-321.0454222852058,-0.6991710323574747,-0.697000000000001,0.0021710323574737345,60.0,0.03959860640707085,0.9005676347237352,321.0454222852058,40.0,0.0
3,"[38, [75.767499999999998], 1]",-207.89632101957673,-0.771111815945126,-0.7674204545454542,0.0036913613996718553,60.0,0.04486132740587608,0.8566658891170077,207.89632101957673,40.0,0.0
