,rule,ratio,minus,trt_effect,nongroup_trt_effect,number,p_val,non_p_val,abs(ratio),abs(number-100),score
0,"[9, [1], 0]",-29.91376082017277,-0.7087876977561658,-0.6858597951344425,0.022927902621723284,115.0,0.0017284408447388907,0.9218237185412106,29.91376082017277,15.0,0.0
1,"[9, [1, 2], 0]",-8.615490913001507,-0.7012898039215676,-0.6283564705882352,0.0729333333333324,135.0,0.0009946493367802365,0.7766167193183025,8.615490913001507,35.0,0.0
2,"[24, [24.580000000000002], 2]",7.42846242511178,-0.6607279773627921,-0.7635096277278564,-0.10278165036506426,60.0,0.014715713737638183,0.5355630777723027,7.42846242511178,40.0,0.0
3,"[25, [19.560000000000002], 2]",7.794374091791891,-0.6796648555084817,-0.7796983311938384,-0.1000334756853567,60.0,0.025567740973256026,0.5158487826243201,7.794374091791891,40.0,0.0
4,"[33, [21.82], 2]",17.999748460252867,-0.7091800519480511,-0.7508971428571423,-0.04171709090909115,60.0,0.011037560418811699,0.6705179285580798,17.999748460252867,40.0,0.0
5,"[34, [47.539999999999999], 2]",-4.110717869356199,-0.8417271208323847,-0.677028708133971,0.16469841269841368,120.0,0.009535893660019619,0.6223665143346988,4.110717869356199,20.0,0.0
