,rule,ratio,minus,trt_effect,nongroup_trt_effect,number,p_val,non_p_val,abs(ratio),abs(number-100),score
0,"[9, [1], 0]",-15.033785354026904,-0.6890026990553322,-0.6460307692307703,0.04297192982456188,100.0,0.01386713354460125,0.8776624608841791,15.033785354026904,0.0,0.0
1,"[9, [1, 2], 0]",-3.662258228044195,-0.8511794191919186,-0.6686113636363631,0.18256805555555555,124.0,0.007440800808234149,0.4925386047341762,3.662258228044195,24.0,0.0
