,rule,ratio,minus,trt_effect,nongroup_trt_effect,number,p_val,non_p_val,abs(ratio),abs(number-100),score
0,"[33, [53.174999999999997], 1]",-3.875284320877609,-0.8085604876349697,-0.6427115987460814,0.16584888888888827,120.0,0.03883910203275716,0.3962427239296622,3.875284320877609,20.0,0.0
1,"[33, [75.887500000000003], 1]",11.398107151946913,-0.7675838355534559,-0.8414034090909084,-0.0738195735374525,60.0,0.028536469223852282,0.8958152803919823,11.398107151946913,40.0,0.0
2,"[34, [28.237500000000001], 2]",6.348503939386805,-0.6431518884336054,-0.7634008207934349,-0.12024893235982947,60.0,0.044476735227528916,0.756737251566731,6.348503939386805,40.0,0.0
