,rule,ratio,minus,trt_effect,nongroup_trt_effect,number,p_val,non_p_val,abs(ratio),abs(number-100),score
0,"[34, [73.245000000000005], 1]",15.267699961277675,-0.6186360179865895,-0.6619952153110047,-0.04335919732441518,60.0,0.028263754365001465,1.0,15.267699961277675,40.0,0.0
