,rule,ratio,minus,trt_effect,nongroup_trt_effect,number,p_val,non_p_val,abs(ratio),abs(number-100),score
0,"[27, [78.055000000000007], 1]",8.69116363732222,-0.7457169760559603,-0.8426746031746042,-0.09695762711864386,60.0,0.014209156882499534,0.8425115411556657,8.69116363732222,40.0,0.0
1,"[36, [22.195], 2]",4.03623649078194,-0.4775999999999998,-0.6349,-0.15730000000000022,60.0,0.03845935350197436,0.7112280760025614,4.03623649078194,40.0,0.0
2,"[41, [27.675000000000001], 2]",3.942449427630559,-0.46910000000000096,-0.6285250000000007,-0.1594249999999997,60.0,0.0399520906768311,0.6305406814569834,3.942449427630559,40.0,0.0
