,rule,ratio,minus,trt_effect,nongroup_trt_effect,number,p_val,non_p_val,abs(ratio),abs(number-100),score
0,"[24, [76.367499999999993], 1]",6.0269213615156305,-0.6117269744685396,-0.7334171562867215,-0.12169018181818192,60.0,0.04896091251827079,0.2392195946455884,6.0269213615156305,40.0,0.0
1,"[31, [29.6525], 2]",3.1072176643454528,-0.432095166760881,-0.6371499999999992,-0.20505483323911822,60.0,0.0399520906768311,0.17267555756608044,3.1072176643454528,40.0,0.0
2,"[33, [51.310000000000002], 2]",13.616825705909768,-0.5579254593032319,-0.6021462064474123,-0.04422074714418045,120.0,0.010812207001708816,0.5031497894293486,13.616825705909768,20.0,0.0
3,"[37, [27.447500000000002], 2]",4.611154065672217,-0.5919322498586777,-0.7558499999999997,-0.16391775014132204,60.0,0.02596481118571018,0.23497060163049066,4.611154065672217,40.0,0.0
