,rule,ratio,minus,trt_effect,nongroup_trt_effect,number,p_val,non_p_val,abs(ratio),abs(number-100),score
0,"[8, [1], 0]",12.99786444436088,-0.7950149382004961,-0.8612779754174369,-0.06626303721694082,95.0,0.014339281084865652,0.9966962741553,12.99786444436088,5.0,0.0
1,"[8, [1, 2], 0]",19.094647172907834,-0.7210212836886525,-0.7608684979945606,-0.039847214305908096,112.0,0.011312790348337107,0.8672251037684187,19.094647172907834,12.0,0.0
2,"[12, [1, 2], 0]",-11.25795700312313,-0.7854226940144065,-0.7213481754127917,0.06407451860161473,130.0,0.005871960399985183,0.6316414442830105,11.25795700312313,30.0,0.0
3,"[14, [1], 0]",7.1804375583022635,-0.6594313797362421,-0.7661279321268442,-0.10669655239060205,97.0,0.015326935221819576,0.9727182419569007,7.1804375583022635,3.0,0.0
4,"[19, [0], 0]",22.014443440184476,-0.6529764225500605,-0.6840491666086264,-0.03107274405856586,124.0,0.020984139609190208,0.9809559085142909,22.014443440184476,24.0,0.0
5,"[20, [1], 0]",3.5171165029094924,-0.45082848580357293,-0.6299336187135784,-0.17910513291000552,97.0,0.04337439871129313,0.6376112887572125,3.5171165029094924,3.0,0.0
6,"[24, [77.552499999999995], 1]",2.1477773713550095,-0.3540058908338599,-0.6624332040644196,-0.3084273132305597,60.0,0.048550292096513,0.3167787997422319,2.1477773713550095,40.0,0.0
7,"[34, [23.734999999999999], 2]",7.517612798009502,-0.9316756807596178,-1.0746230618995583,-0.14294738113994043,60.0,0.0023570829982610575,0.9573879037110021,7.517612798009502,40.0,0.0
8,"[34, [44.969999999999999], 2]",-36.17730968695187,-0.7831166442671291,-0.7620522732606929,0.02106437100643621,120.0,0.006978677326324773,0.6480262158601346,36.17730968695187,20.0,0.0
