,rule,ratio,minus,trt_effect,nongroup_trt_effect,number,p_val,non_p_val,abs(ratio),abs(number-100),score
0,"[6, [0, 2], 0]",-2.6287881563568654,-0.8723654871008373,-0.6319641604010027,0.2404013266998346,137.0,0.003295551405912364,0.3630770304192942,2.6287881563568654,37.0,0.0
1,"[28, [29.75], 2]",1531.2059369202573,-0.9818821428571418,-0.9825238095238085,-0.0006416666666666515,60.0,0.016237258843263252,0.7259761770792352,1531.2059369202573,40.0,0.0
2,"[29, [26.6875], 2]",105.31189597610653,-0.942284126984128,-0.951317460317461,-0.009033333333333005,60.0,0.006101203933570213,0.9455659868602267,105.31189597610653,40.0,0.0
3,"[29, [51.144999999999996], 2]",-3.0452441525098712,-0.9733868741976899,-0.7327618741976893,0.24062500000000053,120.0,0.0021275125635923874,0.36713252408282404,3.0452441525098712,20.0,0.0
4,"[32, [72.0625], 1]",24.381140084899773,-0.7139907407407406,-0.7445277777777779,-0.03053703703703725,60.0,0.017120578052114973,0.8465395250000362,24.381140084899773,40.0,0.0
5,"[35, [23.162500000000001], 2]",-137.67209302326964,-0.8676177248677241,-0.861361111111111,0.0062566137566131275,60.0,0.01124470406185358,0.7919569220357909,137.67209302326964,40.0,0.0
6,"[35, [48.965000000000003], 2]",-5.0183405030169475,-0.7760184628101268,-0.6470761966786052,0.1289422661315216,120.0,0.010295046436964436,0.7820333147367435,5.0183405030169475,20.0,0.0
7,"[41, [56.204999999999998], 2]",-3.6096436321148326,-0.8767103174603186,-0.6865198412698419,0.1901904761904767,120.0,0.009480836498623371,0.5727799807140106,3.6096436321148326,20.0,0.0
