,rule,ratio,minus,trt_effect,nongroup_trt_effect,number,p_val,non_p_val,abs(ratio),abs(number-100),score
0,"[14, [1, 2], 0]",-11.846411523613348,-0.6542052475461713,-0.6032801120448168,0.05092513550135447,127.0,0.025633479983239178,0.7425866260260121,11.846411523613348,27.0,0.0
1,"[26, [32.950000000000003], 2]",3.225893959606608,-0.438017338217338,-0.6348000000000003,-0.19678266178266224,60.0,0.03168743695884528,0.5934547708002267,3.225893959606608,40.0,0.0
2,"[29, [25.870000000000001], 2]",5.933421635299719,-0.6855829670329685,-0.8245500000000012,-0.13896703296703272,60.0,0.03845935350197436,0.6944084450344981,5.933421635299719,40.0,0.0
3,"[31, [74.209999999999994], 1]",8.518571146245021,-0.8129053418803416,-0.9210250000000002,-0.10811965811965862,60.0,0.008046045816554964,0.908076877010423,8.518571146245021,40.0,0.0
4,"[36, [48.754999999999995], 1]",-119.47401967247276,-0.6284066081083672,-0.6231904908922505,0.0052161172161167,120.0,0.011090543376771539,0.6011854704560466,119.47401967247276,20.0,0.0
5,"[36, [74.329999999999998], 1]",4.4750928233870155,-0.587820563913728,-0.7569730423620031,-0.1691524784482752,60.0,0.02947341892388589,0.7662058498532872,4.4750928233870155,40.0,0.0
6,"[39, [21.43], 2]",165.8868689271555,-1.1357863645262025,-1.1426746411483268,-0.006888276622124323,60.0,0.0025114326238419244,0.901388695404007,165.8868689271555,40.0,0.0
7,"[39, [49.935000000000002], 2]",-21.196217922537922,-0.6893966966173357,-0.6583375,0.031059196617335694,120.0,0.02197327028019925,0.8245841170713546,21.196217922537922,20.0,0.0
8,"[40, [45.269999999999996], 1]",-41.258437710916546,-0.6905412889579567,-0.6742003798670471,0.016340909090909683,120.0,0.01141376192110423,0.8445708692492631,41.258437710916546,20.0,0.0
