,rule,ratio,minus,trt_effect,nongroup_trt_effect,number,p_val,non_p_val,abs(ratio),abs(number-100),score
0,"[9, [1], 0]",9.647842764507468,-0.594589058256151,-0.6633448248036729,-0.0687557665475218,87.0,0.04662359864332303,0.6919359251608255,9.647842764507468,13.0,0.0
1,"[35, [32.912500000000001], 2]",5.184522060369923,-0.5709796959090365,-0.7074300927934445,-0.13645039688440797,60.0,0.04997751270235625,0.5484422069973166,5.184522060369923,40.0,0.0
2,"[42, [76.632500000000007], 1]",9.347522907528013,-0.7179816516413249,-0.803992994119203,-0.08601134247787812,60.0,0.018576138992956497,0.845449867168474,9.347522907528013,40.0,0.0
3,"[43, [28.337499999999999], 2]",36.08502765421826,-0.9275910727708583,-0.9540294464815124,-0.02643837371065416,60.0,0.009120489847270551,0.8898647882313144,36.08502765421826,40.0,0.0
