,rule,ratio,minus,trt_effect,nongroup_trt_effect,number,p_val,non_p_val,abs(ratio),abs(number-100),score
0,"[18, [1], 0]",10.106196739187356,-0.5460170174652932,-0.6059780564263315,-0.05996103896103833,80.0,0.04390983522564496,0.8042231502501165,10.106196739187356,20.0,0.0
1,"[19, [1], 0]",-14.997537993907777,-0.7404057531987576,-0.694123271889401,0.04628248130935653,90.0,0.013643990155618721,0.772948725678664,14.997537993907777,10.0,0.0
2,"[25, [51.590000000000003], 1]",-3.286432967062967,-0.8157830361124585,-0.6254655757949985,0.19031746031746,120.0,0.011999266348926785,0.5101690675419668,3.286432967062967,20.0,0.0
3,"[25, [76.547499999999999], 1]",58.39826171416073,-0.8324208995215301,-0.8469234449760759,-0.014502545454545768,60.0,0.009529688046945312,0.9640849636087061,58.39826171416073,40.0,0.0
4,"[30, [21.669999999999998], 2]",8.422267365915552,-0.63834514415562,-0.7243492063492054,-0.08600406219358536,60.0,0.04547217469044602,0.6226071543778392,8.422267365915552,40.0,0.0
5,"[38, [26.537500000000001], 2]",-26.711495170025575,-0.9387452265930518,-0.9048695652173908,0.033875661375661004,60.0,0.007975228719849212,0.9626541941377665,26.711495170025575,40.0,0.0
6,"[38, [47.655000000000001], 2]",-2.8165164837694983,-0.8972751412595494,-0.6621719666563761,0.23510317460317331,120.0,0.00524476849280257,0.3966848990231989,2.8165164837694983,20.0,0.0
