,rule,ratio,minus,trt_effect,nongroup_trt_effect,number,p_val,non_p_val,abs(ratio),abs(number-100),score
0,"[28, [72.20750000000001], 1]",22.07515022973286,-0.7085419634888188,-0.7421617458279837,-0.03361978233916485,60.0,0.011776995543683173,0.8703649476525668,22.07515022973286,40.0,0.0
1,"[42, [28.675000000000001], 2]",36.65640217993408,-0.9136863619472315,-0.9393111111111114,-0.025624749163879912,60.0,0.008563033381528896,0.7944105327652737,36.65640217993408,40.0,0.0
2,"[42, [50.935000000000002], 2]",-5.65334259536622,-0.8132787247474758,-0.6910426136363643,0.12223611111111143,120.0,0.006279437575121027,0.703694725434495,5.65334259536622,20.0,0.0
3,"[43, [79.155000000000001], 1]",14.064456411982322,-0.6469083333333332,-0.6964250000000005,-0.04951666666666732,60.0,0.03845935350197436,0.7316760406090207,14.064456411982322,40.0,0.0
