,rule,ratio,minus,trt_effect,nongroup_trt_effect,number,p_val,non_p_val,abs(ratio),abs(number-100),score
0,"[22, [1], 0]",-10.449970297285502,-0.7450563025210091,-0.6799857142857153,0.06507058823529377,88.0,0.02182464159384588,0.920344325445942,10.449970297285502,12.0,0.0
1,"[22, [1, 2], 0]",-3.1560408156165285,-0.8672045553539007,-0.6585433333333333,0.20866122202056747,115.0,0.01081761979245891,0.6813683487631523,3.1560408156165285,15.0,0.0
2,"[24, [27.397500000000001], 2]",10.05639411498201,-0.6028539682539691,-0.6694206349206357,-0.06656666666666666,60.0,0.03894337436341042,0.7351031034872799,10.05639411498201,40.0,0.0
3,"[29, [70.827500000000001], 1]",15.005723474638673,-0.6462109383832679,-0.6923500000000002,-0.04613906161673231,60.0,0.017890872668480516,0.8327264293845824,15.005723474638673,40.0,0.0
4,"[39, [51.394999999999996], 2]",-3.2332000576149165,-0.8284133341523434,-0.6327189840442857,0.1956943501080577,120.0,0.005221067089078855,0.33703217485794634,3.2332000576149165,20.0,0.0
