,rule,ratio,minus,trt_effect,nongroup_trt_effect,number,p_val,non_p_val,abs(ratio),abs(number-100),score
0,"[31, [76.607499999999987], 1]",-42.312754474995565,-0.8005163216362643,-0.7820340909090913,0.018482230727173032,60.0,0.02734567890416911,0.7292012420606319,42.312754474995565,40.0,0.0
