,rule,ratio,minus,trt_effect,nongroup_trt_effect,number,p_val,non_p_val,abs(ratio),abs(number-100),score
0,"[10, [0], 0]",-63.5727232105351,-0.6400182550782558,-0.6301066666666673,0.009911588411588568,105.0,0.034230934322460445,0.8917139800571826,63.5727232105351,5.0,0.0
1,"[42, [46.549999999999997], 1]",-4.721184250138082,-0.769465627618569,-0.6349715099715105,0.13449411764705843,120.0,0.016991493411759036,0.47224810812268747,4.721184250138082,20.0,0.0
