,rule,ratio,minus,trt_effect,nongroup_trt_effect,number,p_val,non_p_val,abs(ratio),abs(number-100),score
0,"[12, [1], 0]",9.31299283697623,-0.6826197102791536,-0.764734506197521,-0.08211479591836746,102.0,0.003603358914598099,0.9476163284864536,9.31299283697623,2.0,0.0
1,"[12, [1, 2], 0]",9.78382231293144,-0.6336995647990031,-0.7058435064935065,-0.07214394169450333,114.0,0.004035580440984001,0.9168086068645871,9.78382231293144,14.0,0.0
2,"[25, [27.392500000000002], 2]",3.0695793914599863,-0.5139126984126978,-0.7622301587301576,-0.24831746031745983,60.0,0.047241453648056236,0.4137858887250446,3.0695793914599863,40.0,0.0
3,"[33, [29.432499999999997], 2]",2.8182230579708234,-0.459564630580517,-0.7123194444444447,-0.25275481386392773,60.0,0.02361143378146216,0.42487494417084004,2.8182230579708234,40.0,0.0
4,"[33, [51.340000000000003], 2]",11.139870447466846,-0.5804985031292889,-0.637747607655502,-0.057249104526213124,120.0,0.016201787641645687,0.8290312112818377,11.139870447466846,20.0,0.0
5,"[36, [73.442499999999995], 1]",3.4409054839991997,-0.5693109558528704,-0.8025485636114906,-0.23323760775862024,60.0,0.019834680162934264,0.4769424881589509,3.4409054839991997,40.0,0.0
