,rule,ratio,minus,trt_effect,nongroup_trt_effect,number,p_val,non_p_val,abs(ratio),abs(number-100),score
0,"[29, [75.652500000000003], 1]",-101.0010767160021,-0.6477504273504282,-0.6414,0.006350427350428234,60.0,0.01866335547452622,0.8372307011885196,101.0010767160021,40.0,0.0
1,"[40, [71.082499999999996], 1]",-15.502260411625818,-0.9243804639804658,-0.8683650793650806,0.056015384615385244,60.0,0.02710759877745747,0.8476714670445322,15.502260411625818,40.0,0.0
2,"[41, [70.737500000000011], 1]",-46.41803607187183,-0.6824245691343513,-0.6680329024676848,0.01439166666666658,60.0,0.04724068075283408,0.8662576317346644,46.41803607187183,40.0,0.0
