,rule,ratio,minus,trt_effect,nongroup_trt_effect,number,p_val,non_p_val,abs(ratio),abs(number-100),score
0,"[16, [1], 0]",57.37886816246252,-0.6391243606224535,-0.6504606002713365,-0.011336239648882973,91.0,0.021787045290355654,0.8383216061630971,57.37886816246252,9.0,0.0
1,"[42, [50.740000000000002], 2]",-3.9221594322784594,-0.8343596358035112,-0.6648487438295616,0.16951089197394964,120.0,0.00360533226804703,0.4233989571962239,3.9221594322784594,20.0,0.0
