,rule,ratio,minus,trt_effect,nongroup_trt_effect,number,p_val,non_p_val,abs(ratio),abs(number-100),score
0,"[20, [1], 0]",103.26397235705217,-0.7340557820652833,-0.7412338308457702,-0.00717804878048689,109.0,0.001528577541970877,0.9386755057164502,103.26397235705217,9.0,0.0
1,"[20, [1, 2], 0]",-2.6768819044521006,-1.2563579776341811,-0.9146668354430387,0.3416911421911424,129.0,2.8344295513289483e-05,0.21905012185332018,2.6768819044521006,29.0,0.0
2,"[21, [1], 0]",3.4048490337881856,-0.4799732275791131,-0.679558823529411,-0.1995855959502979,93.0,0.0009526231987138097,0.40570919177207,3.4048490337881856,7.0,0.0
3,"[21, [1, 2], 0]",-3.817177190476829,-1.2976928793337894,-1.0283042253521124,0.269388653981677,121.0,8.133015086486152e-07,0.4315629998981404,3.817177190476829,21.0,0.0
4,"[28, [27.9375], 2]",3.5902403902025593,-0.5390971446996593,-0.7472234432234428,-0.2081262985237835,60.0,0.02271177725982489,0.27186778446041093,3.5902403902025593,40.0,0.0
5,"[32, [47.704999999999998], 1]",-10.998087996657816,-0.7967485123377545,-0.7303422222222213,0.06640629011553312,120.0,0.0007470049413910687,0.6783947266532073,10.998087996657816,20.0,0.0
6,"[38, [72.575000000000003], 1]",3.7690898390541974,-0.550533382748907,-0.7493472222222213,-0.19881383947331432,60.0,0.013910960024965602,0.24499523381807387,3.7690898390541974,40.0,0.0
7,"[40, [48.335000000000001], 1]",-5.0664637350104895,-1.0045721295107706,-0.838977777777778,0.16559435173299253,120.0,0.0007923392773208554,0.7563436275230673,5.0664637350104895,20.0,0.0
