,rule,ratio,minus,trt_effect,nongroup_trt_effect,number,p_val,non_p_val,abs(ratio),abs(number-100),score
0,"[8, [1, 2], 0]",-6.900009765049825,-0.7598024001192609,-0.6636250000000006,0.09617740011926035,115.0,0.009772723409134222,0.8332892464991413,6.900009765049825,15.0,0.0
1,"[15, [1], 0]",-73.32825993262406,-0.6672456437628842,-0.6582686322686326,0.008977011494251563,107.0,0.014613239750361665,0.958501109952801,73.32825993262406,7.0,0.0
2,"[15, [1, 2], 0]",-3.9996935611091753,-0.8321821814115555,-0.6657355439846535,0.16644663742690202,130.0,0.010534163800348474,0.7248282628697524,3.9996935611091753,30.0,0.0
3,"[21, [0], 0]",13.794560881704614,-0.5774444813995441,-0.622576509511994,-0.04513202811244987,109.0,0.0035555620238315287,0.9125139388380911,13.794560881704614,9.0,0.0
4,"[24, [75.659999999999997], 1]",8.483183342966957,-0.7544718103753247,-0.8552941176470572,-0.10082230727173247,60.0,0.026785608844441713,0.4972455767236351,8.483183342966957,40.0,0.0
5,"[25, [49.355000000000004], 2]",-4.6265740525897066,-0.8520599477682813,-0.7006250000000014,0.15143494776827993,120.0,0.003793379241361606,0.5810177727571957,4.6265740525897066,20.0,0.0
6,"[32, [22.502499999999998], 2]",8.54043722495442,-0.7352554664099271,-0.83276379974326,-0.09750833333333286,60.0,0.015715176985380695,0.6027748535682143,8.54043722495442,40.0,0.0
7,"[33, [73.8125], 1]",4.787105792116731,-0.5525872020939522,-0.6985000000000001,-0.14591279790604794,60.0,0.02824736255358641,0.4293603975014677,4.787105792116731,40.0,0.0
