,rule,ratio,minus,trt_effect,nongroup_trt_effect,number,p_val,non_p_val,abs(ratio),abs(number-100),score
0,"[16, [1], 0]",-2.7909722490384477,-1.0485066895002246,-0.7719267990074439,0.27657989049278076,109.0,0.007586235285071166,0.28451125974930713,2.7909722490384477,9.0,0.0
1,"[16, [1, 2], 0]",-1.792579418657551,-1.2940280670598368,-0.8306471302763443,0.46338093678349246,126.0,0.0011480433692305054,0.07409389094582769,1.792579418657551,26.0,0.0
2,"[17, [1, 2], 0]",-2.2758049659730837,-1.089671145976987,-0.7570288924558595,0.33264225352112753,124.0,0.0009374179330687002,0.22641278452386604,2.2758049659730837,24.0,0.0
3,"[40, [75.082499999999996], 1]",14.965672844480064,-0.7221416666666647,-0.7738499999999986,-0.05170833333333391,60.0,0.02596481118571018,0.6500767257188096,14.965672844480064,40.0,0.0
