,rule,ratio,minus,trt_effect,nongroup_trt_effect,number,p_val,non_p_val,abs(ratio),abs(number-100),score
0,"[32, [76.069999999999993], 1]",6.795251842600518,-0.6642095131921222,-0.7788222222222219,-0.11461270903009968,60.0,0.046718917472397106,0.4085573511774989,6.795251842600518,40.0,0.0
1,"[34, [23.645], 2]",8.606434075726664,-0.5695405145929335,-0.6444166666666664,-0.07487615207373288,60.0,0.030945826251660608,0.6385929321484378,8.606434075726664,40.0,0.0
2,"[38, [27.472499999999997], 2]",-172.53062161625863,-0.849142487620723,-0.8442491582491582,0.004893329371564725,60.0,0.012815094674224682,0.8666575015279817,172.53062161625863,40.0,0.0
3,"[43, [75.137500000000003], 1]",6.960360027555529,-0.5893652225606854,-0.6882460317460319,-0.09888080918534659,60.0,0.023923331142724463,0.5673469052014315,6.960360027555529,40.0,0.0
