,rule,ratio,minus,trt_effect,nongroup_trt_effect,number,p_val,non_p_val,abs(ratio),abs(number-100),score
0,"[4, [0], 0]",-2.3645115120426095,-0.8562210252122924,-0.6017350405016986,0.2544859847105938,132.0,0.004896383636784598,0.3586483404446642,2.3645115120426095,32.0,0.0
1,"[32, [49.799999999999997], 1]",-5.021553652192612,-0.7211646825396825,-0.601400793650793,0.11976388888888945,120.0,0.028077441250812053,0.8428853222725248,5.021553652192612,20.0,0.0
2,"[35, [52.534999999999997], 1]",-2.2939896935027897,-1.0942761104214513,-0.7620722445199126,0.3322038659015387,120.0,0.0003698024434390907,0.22646573355686173,2.2939896935027897,20.0,0.0
3,"[35, [72.909999999999997], 1]",-54.02497891975229,-1.062769052996682,-1.0434547511312218,0.019314301865460237,60.0,9.880856296030059e-05,0.8952839083086006,54.02497891975229,40.0,0.0
