,rule,ratio,minus,trt_effect,nongroup_trt_effect,number,p_val,non_p_val,abs(ratio),abs(number-100),score
0,"[11, [1], 0]",7.827887111746249,-0.6792298491984203,-0.7787086247086243,-0.09947877551020401,92.0,0.014823174600870228,0.9064081774030799,7.827887111746249,8.0,0.0
1,"[11, [1, 2], 0]",7.390173634276769,-0.5849919513457555,-0.6765375000000002,-0.09154554865424469,110.0,0.02077037657141459,0.8474884099712421,7.390173634276769,10.0,0.0
2,"[16, [1, 2], 0]",-4.251321613666851,-0.9543632133693931,-0.7726254940711481,0.181737719298245,134.0,0.0013605600065091507,0.392196869574575,4.251321613666851,34.0,0.0
3,"[19, [1], 0]",-18.375679001323697,-0.8060240997072992,-0.76442431372549,0.041599785981809134,109.0,0.006445720620243603,0.8784942882444077,18.375679001323697,9.0,0.0
4,"[19, [1, 2], 0]",-27.98185575347235,-0.6690241162999788,-0.6459398762157385,0.02308424008424037,126.0,0.011918545399873557,0.8725843197006087,27.98185575347235,26.0,0.0
5,"[25, [50.280000000000001], 2]",86.76382570092103,-0.6867389120227694,-0.6947462380300955,-0.008007326007326121,120.0,0.01139139091874037,0.9670842258075866,86.76382570092103,20.0,0.0
6,"[37, [27.145], 2]",2.777751758554609,-0.41895601475563016,-0.6546222222222227,-0.2356662074665925,60.0,0.04050221558260681,0.40849093926051805,2.777751758554609,40.0,0.0
7,"[42, [70.352500000000006], 1]",5.420273316202952,-0.7066177959029849,-0.8664761904761908,-0.15985839457320594,60.0,0.014858867853274957,0.4377767682918168,5.420273316202952,40.0,0.0
