,rule,ratio,minus,trt_effect,nongroup_trt_effect,number,p_val,non_p_val,abs(ratio),abs(number-100),score
0,"[4, [1], 0]",8.04157365244659,-0.6019741250259747,-0.6874627039627041,-0.08548857893672945,92.0,0.004332238097298324,0.6571636019911326,8.04157365244659,8.0,0.0
1,"[4, [1, 2], 0]",-8.925536869907285,-0.8181305329719954,-0.7357037037037024,0.08242682926829303,117.0,0.0004320817530105759,0.6972964667309305,8.925536869907285,17.0,0.0
2,"[5, [1, 2], 0]",59.322624082868934,-0.6109110307414118,-0.6213857142857151,-0.010474683544303254,119.0,0.0062330349697337795,0.802235214251499,59.322624082868934,19.0,0.0
3,"[32, [25.892499999999998], 2]",4.097176906779662,-0.5442125481386393,-0.7199249999999999,-0.17571245186136064,60.0,0.013518971991159758,0.25520712716155836,4.097176906779662,40.0,0.0
4,"[32, [56.200000000000003], 2]",-16.684915335348222,-0.6481595776772249,-0.6115091575091567,0.03665042016806819,120.0,0.003639307742625494,0.9149369304225343,16.684915335348222,20.0,0.0
5,"[33, [23.362500000000001], 2]",3.5754044694492184,-0.49456741944169735,-0.6866022727272734,-0.192034853285576,60.0,0.029771655983101167,0.2221087589978925,3.5754044694492184,40.0,0.0
6,"[35, [22.272500000000001], 2]",9.74654232630914,-0.8524157511961707,-0.9498732057416257,-0.09745745454545496,60.0,0.0002182343185281552,0.6280739630754584,9.74654232630914,40.0,0.0
7,"[38, [24.3825], 2]",10.577910044279621,-0.8716229174051762,-0.9626263736263745,-0.09100345622119832,60.0,0.0013003841706458123,0.522424666548733,10.577910044279621,40.0,0.0
8,"[42, [26.172499999999999], 2]",4.419686707020844,-0.5970690723528334,-0.7716666666666665,-0.17459759431383315,60.0,0.010191202130828258,0.34684377966807467,4.419686707020844,40.0,0.0
