,rule,ratio,minus,trt_effect,nongroup_trt_effect,number,p_val,non_p_val,abs(ratio),abs(number-100),score
0,"[9, [0], 0]",-16.36192706981603,-0.6419058753494653,-0.6049338345864657,0.03697204076299965,108.0,0.02871801480937789,0.755988285162986,16.36192706981603,8.0,0.0
1,"[14, [1], 0]",-4.641258413929036,-0.9337810515873031,-0.7682539682539691,0.165527083333334,99.0,0.015272347842508431,0.5743170195406591,4.641258413929036,1.0,0.0
2,"[14, [1, 2], 0]",-3.1457774132871745,-0.8693924482515536,-0.6596869186046508,0.2097055296469028,123.0,0.016874275748141224,0.4776577463692451,3.1457774132871745,23.0,0.0
3,"[15, [1], 0]",-4.529412821978329,-0.8963876956376975,-0.7342750582750588,0.1621126373626387,94.0,0.031356093345158965,0.5800231622516565,4.529412821978329,6.0,0.0
4,"[15, [1, 2], 0]",-3.291669244785777,-0.8069000474833814,-0.6188846153846157,0.1880154320987657,123.0,0.04268161414515407,0.5869198351304801,3.291669244785777,23.0,0.0
5,"[29, [46.204999999999998], 1]",-4.798084483114669,-0.7656606090717952,-0.6336065468549421,0.13205406221685312,120.0,0.02199389055259425,0.495632744983725,4.798084483114669,20.0,0.0
6,"[36, [25.865000000000002], 2]",15.74946993977024,-0.7972803777743991,-0.8513352272727275,-0.054054849498328394,60.0,0.021063448452570088,0.9276249694161515,15.74946993977024,40.0,0.0
7,"[41, [50.234999999999999], 1]",-4.376705687600832,-0.8283471975974601,-0.6742849807445452,0.15406221685291488,120.0,0.008353703405068295,0.36505935492485786,4.376705687600832,20.0,0.0
