,rule,ratio,minus,trt_effect,nongroup_trt_effect,number,p_val,non_p_val,abs(ratio),abs(number-100),score
0,"[14, [0], 0]",8.663532932246882,-0.5478574542897334,-0.6193463431786217,-0.07148888888888827,115.0,0.031310490109464996,0.936457250181854,8.663532932246882,15.0,0.0
1,"[24, [74.460000000000008], 1]",3.0283300828755073,-0.4382738187078097,-0.6543499999999991,-0.21607618129218942,60.0,0.029280157743036585,0.6568597494250088,3.0283300828755073,40.0,0.0
2,"[26, [48.450000000000003], 1]",-11.268543403965277,-0.7775245556912207,-0.7141490978157634,0.06337545787545729,120.0,0.014456178093952504,0.5020597815167637,11.268543403965277,20.0,0.0
3,"[26, [71.352499999999992], 1]",5.416134835769271,-0.6903621173210688,-0.8466893453145072,-0.15632722799343846,60.0,0.04440599363077141,0.7212981240430212,5.416134835769271,40.0,0.0
4,"[38, [26.752500000000001], 2]",5.332542259510252,-0.7784868425053215,-0.9581704545454546,-0.17968361204013306,60.0,0.012160905628532368,0.5847295175345237,5.332542259510252,40.0,0.0
