,rule,ratio,minus,trt_effect,nongroup_trt_effect,number,p_val,non_p_val,abs(ratio),abs(number-100),score
0,"[24, [76.592500000000001], 1]",6.683699332581795,-0.70430729334901,-0.8282243502051969,-0.12391705685618692,60.0,0.021638672285803393,0.4802999586937099,6.683699332581795,40.0,0.0
1,"[32, [74.862500000000011], 1]",5.560389663276923,-0.5184487433862435,-0.6321339285714291,-0.11368518518518567,60.0,0.04388736468170112,0.5071207152456261,5.560389663276923,40.0,0.0
2,"[36, [72.560000000000002], 1]",5.19031653382951,-0.5764129585326954,-0.7139712918660281,-0.13755833333333278,60.0,0.017421715103008665,0.5043973591522357,5.19031653382951,40.0,0.0
3,"[38, [50.365000000000002], 1]",12.132679727582076,-0.556208825284914,-0.6061706349206357,-0.04996180963572172,120.0,0.015539924998061623,0.8438169590917513,12.132679727582076,20.0,0.0
4,"[38, [73.752499999999998], 1]",4.343451398096901,-0.5838436314005202,-0.7584666666666662,-0.17462303526614598,60.0,0.04766940847681831,0.3497326190265211,4.343451398096901,40.0,0.0
