,rule,ratio,minus,trt_effect,nongroup_trt_effect,number,p_val,non_p_val,abs(ratio),abs(number-100),score
0,"[10, [1, 2], 0]",-10.934886301130343,-0.6957765901384105,-0.6374788759764822,0.058297714161928305,119.0,0.0273942619497615,0.9145847039293883,10.934886301130343,19.0,0.0
1,"[14, [1], 0]",-106.99930245599604,-0.6337780612425137,-0.6279097079584659,0.005868353284047778,103.0,0.041000183040037726,0.918723963768408,106.99930245599604,3.0,0.0
2,"[14, [1, 2], 0]",-3.6888416736929046,-0.860311131415731,-0.6768306065256349,0.18348052489009614,124.0,0.012476635282508457,0.5281321623680787,3.6888416736929046,24.0,0.0
3,"[33, [29.344999999999999], 2]",13.180981415856744,-0.8213377965049693,-0.8887656800608692,-0.0674278835558999,60.0,0.02054052463712893,0.6977618336472866,13.180981415856744,40.0,0.0
4,"[37, [25.654999999999998], 2]",8.038272766266795,-0.7054300909905038,-0.805657819357541,-0.1002277283670372,60.0,0.046952981009461776,0.5858562809698222,8.038272766266795,40.0,0.0
5,"[37, [48.129999999999995], 2]",-2.8123641952167238,-1.1509123166807411,-0.8490229226598967,0.30188939402084447,120.0,0.001313356864130273,0.3566857009975696,2.8123641952167238,20.0,0.0
6,"[40, [26.327500000000001], 2]",30.407693650920795,-0.8776236138224389,-0.9074669474833552,-0.029843333660916294,60.0,0.028046016703660488,0.7294266647484118,30.407693650920795,40.0,0.0
7,"[41, [32.365000000000002], 2]",6.648138861741684,-0.6566246596685605,-0.7728797085867596,-0.11625504891819904,60.0,0.016061354165237914,0.6410841171763989,6.648138861741684,40.0,0.0
8,"[42, [50.349999999999994], 2]",-9.026683427410344,-0.7745258352957718,-0.6972793718063173,0.07724646348945452,120.0,0.017235150132798308,0.8012166292573164,9.026683427410344,20.0,0.0
