,rule,ratio,minus,trt_effect,nongroup_trt_effect,number,p_val,non_p_val,abs(ratio),abs(number-100),score
0,"[4, [1], 0]",74.42252592669362,-0.775915662384068,-0.7864834772690905,-0.010567814885022564,107.0,0.002869043506911901,0.7753941268959278,74.42252592669362,7.0,0.0
1,"[4, [1, 2], 0]",-9.212911148750537,-0.8103472495752948,-0.7310018760796648,0.07934537349562998,127.0,0.002561207245858734,0.5406504522050628,9.212911148750537,27.0,0.0
2,"[5, [1, 2], 0]",7.028404286701321,-0.5161113719726238,-0.6017246366820208,-0.08561326470939701,127.0,0.008807466749497457,0.8752266898181343,7.028404286701321,27.0,0.0
3,"[17, [0], 0]",5.798410446968619,-0.5126768861843818,-0.6195199526228237,-0.10684306643844188,118.0,0.029824181171783804,0.6025325217611217,5.798410446968619,18.0,0.0
4,"[28, [77.957499999999996], 1]",6.261425151486387,-0.775162443082376,-0.9224918112219926,-0.1473293681396166,60.0,0.0037153860817567778,0.5900360991186442,6.261425151486387,40.0,0.0
5,"[32, [52.864999999999995], 1]",3.9802761750910425,-0.4714031604347406,-0.6295774814505908,-0.15817432101585016,120.0,0.01543244206526385,0.549176099167676,3.9802761750910425,20.0,0.0
6,"[42, [22.16], 2]",3.498695816360752,-0.5353838182064843,-0.7496491220105499,-0.2142653038040656,60.0,0.03783027696498727,0.32415339049699876,3.498695816360752,40.0,0.0
