,rule,ratio,minus,trt_effect,nongroup_trt_effect,number,p_val,non_p_val,abs(ratio),abs(number-100),score
0,"[40, [71.682500000000005], 1]",-5.456666770834674,-0.8921276790953838,-0.7539561254502116,0.1381715536451722,60.0,0.009529688046945312,0.5160928345043512,5.456666770834674,40.0,0.0
