,rule,ratio,minus,trt_effect,nongroup_trt_effect,number,p_val,non_p_val,abs(ratio),abs(number-100),score
0,"[4, [0], 0]",2.9709976812600316,-0.4115011077898174,-0.6202791858678953,-0.2087780780780779,121.0,0.02429089011566127,0.3320694090700441,2.9709976812600316,21.0,0.0
1,"[13, [0], 0]",-26.716744647046358,-0.73765705726405,-0.7110429268292675,0.026614130434782446,116.0,0.002854879333436981,0.9726678961900564,26.716744647046358,16.0,0.0
2,"[13, [0, 2], 0]",-9.096895349276167,-0.735624675512268,-0.6627681537731371,0.07285652173913082,141.0,0.002395887054839632,0.7233051974255128,9.096895349276167,41.0,0.0
3,"[16, [1, 2], 0]",-5.669296720356316,-0.8764599198557406,-0.7450427769985977,0.1314171428571429,123.0,0.003389223792103007,0.5208369412362595,5.669296720356316,23.0,0.0
4,"[17, [1, 2], 0]",16.322497100684508,-0.6204152040339252,-0.6609056802244027,-0.04049047619047741,123.0,0.010909689970761855,0.8691207775208725,16.322497100684508,23.0,0.0
5,"[18, [0], 0]",33.81484990888595,-0.6965383667502083,-0.7177646825396824,-0.021226315789474093,107.0,0.005739463804025177,0.809120541796907,33.81484990888595,7.0,0.0
6,"[18, [0, 2], 0]",-7.08168208554408,-0.8499051985370958,-0.7447408045977024,0.10516439393939336,127.0,0.002158629410150034,0.8970044067583506,7.08168208554408,27.0,0.0
7,"[24, [74.867500000000007], 1]",2.5487888874732536,-0.40289574603174394,-0.663031746031745,-0.26013600000000103,60.0,0.049068275284400234,0.19965937264257916,2.5487888874732536,40.0,0.0
8,"[27, [79.469999999999999], 1]",2.9307909434405626,-0.4676549334039706,-0.7098639281129655,-0.24220899470899493,60.0,0.023543534797267215,0.2380229349267936,2.9307909434405626,40.0,0.0
9,"[30, [45.090000000000003], 1]",14.516779344853054,-0.6160087525260316,-0.6615823863636363,-0.04557363383760471,120.0,0.012371132799199724,0.8616279233831436,14.516779344853054,20.0,0.0
10,"[33, [49.93], 1]",-52.508349636476034,-0.7207889451030711,-0.7073183568677779,0.013470588235293235,120.0,0.007620032943219308,0.9126470147016601,52.508349636476034,20.0,0.0
11,"[40, [27.494999999999997], 2]",4.018943091500354,-0.5959432208178708,-0.7933444976076558,-0.19740127678978503,60.0,0.013521728818999034,0.39932794294170093,4.018943091500354,40.0,0.0
