,rule,ratio,minus,trt_effect,nongroup_trt_effect,number,p_val,non_p_val,abs(ratio),abs(number-100),score
0,"[19, [1], 0]",14.862811158289265,-0.631194629925866,-0.6767261330761807,-0.045531503150314734,95.0,0.022009958846034964,0.7421598638214837,14.862811158289265,5.0,0.0
1,"[19, [1, 2], 0]",-44.88775286286634,-0.6341868581514767,-0.6203664634146344,0.013820394736842267,122.0,0.02262557205499005,0.5705070074436867,44.88775286286634,22.0,0.0
2,"[20, [1], 0]",101.29729242117756,-0.7078772381422533,-0.7149350282485871,-0.007057790106333783,95.0,0.01617241315449694,0.7819441657978434,101.29729242117756,5.0,0.0
3,"[21, [1], 0]",-8.15240525926471,-0.8921196599160268,-0.7946458664546894,0.09747379346133744,105.0,0.007900267333868442,0.47736605371498675,8.15240525926471,5.0,0.0
4,"[21, [1, 2], 0]",-2.940362782709564,-1.0128055487305492,-0.7557719696969709,0.25703357903357826,133.0,0.006432746307930364,0.21957547976148017,2.940362782709564,33.0,0.0
5,"[23, [1], 0]",-16.4253272064078,-0.7719193649487766,-0.7276206636500762,0.044298701298700394,112.0,0.025917439678896658,0.657049910879457,16.4253272064078,12.0,0.0
6,"[35, [53.18], 1]",-53.82031175059408,-0.6978043345543359,-0.6850753968253969,0.012728937728939016,120.0,0.012836764013844787,0.7684823218962445,53.82031175059408,20.0,0.0
7,"[39, [70.390000000000001], 1]",5.458359305488625,-0.6836773307874422,-0.8370246238030088,-0.1533472930155666,60.0,0.02514063141528662,0.7509981472981089,5.458359305488625,40.0,0.0
