,rule,ratio,minus,trt_effect,nongroup_trt_effect,number,p_val,non_p_val,abs(ratio),abs(number-100),score
0,"[11, [1], 0]",-68.50778778859116,-0.719636311954269,-0.709282992781703,0.010353319172565989,94.0,0.01291975605715461,0.9950400582979718,68.50778778859116,6.0,0.0
1,"[21, [0, 2], 0]",-2.052987980919654,-0.9440623255856222,-0.634836632105741,0.30922569347988116,130.0,0.007749889605803922,0.29771393588106776,2.052987980919654,30.0,0.0
2,"[29, [70.242499999999993], 1]",22.222612202708994,-0.8703175008538366,-0.9113264724422985,-0.04100897158846184,60.0,0.01772677856013547,0.7065467913854765,22.222612202708994,40.0,0.0
3,"[32, [70.974999999999994], 1]",6.768691594110478,-0.801324399348049,-0.9402336106094307,-0.13890921126138167,60.0,0.0073693207549268384,0.5580651677528353,6.768691594110478,40.0,0.0
4,"[40, [31.372500000000002], 2]",54.47603269166974,-0.8894827916680246,-0.9061160897437546,-0.016633298075729996,60.0,0.015074097957345626,0.7999799907216568,54.47603269166974,40.0,0.0
5,"[40, [57.210000000000001], 2]",-4.348787564869459,-0.7627074362601389,-0.6201129834032786,0.14259445285686034,120.0,0.010705082633135904,0.6514288602931962,4.348787564869459,20.0,0.0
