,rule,ratio,minus,trt_effect,nongroup_trt_effect,number,p_val,non_p_val,abs(ratio),abs(number-100),score
0,"[41, [74.935000000000002], 1]",4.98518996436149,-0.5221042259137771,-0.6531153522547593,-0.1310111263409821,60.0,0.027209007447528556,0.6325527112208682,4.98518996436149,40.0,0.0
