,rule,ratio,minus,trt_effect,nongroup_trt_effect,number,p_val,non_p_val,abs(ratio),abs(number-100),score
0,"[4, [0], 0]",-12.495922950827621,-0.791411780625098,-0.7327709760273979,0.05864080459770005,105.0,0.0037798417035811104,0.6994091729233411,12.495922950827621,5.0,0.0
1,"[4, [0, 2], 0]",-6.265841513172436,-0.6984768170426063,-0.6023452380952374,0.0961315789473689,126.0,0.009168747264745149,0.6521183897947763,6.265841513172436,26.0,0.0
2,"[25, [21.175000000000001], 2]",26.635833882805855,-0.8994985333105525,-0.9345860805860813,-0.03508754727552876,60.0,0.006229542686602282,0.8620988227722307,26.635833882805855,40.0,0.0
3,"[32, [76.002499999999998], 1]",23.36757310125486,-0.8901065898662184,-0.9299010989010981,-0.03979450903487969,60.0,0.048151170500104486,0.6740878883420005,23.36757310125486,40.0,0.0
4,"[35, [50.079999999999998], 1]",-8.336214200982884,-0.6886624999999995,-0.6148999999999996,0.07376249999999995,120.0,0.012433607982074284,0.6600857709291559,8.336214200982884,20.0,0.0
5,"[35, [76.495000000000005], 1]",21.801347565614616,-0.8889742450666951,-0.9317106227106224,-0.04273637764392735,60.0,0.011277830625531839,0.7909125973330053,21.801347565614616,40.0,0.0
6,"[38, [57.890000000000001], 1]",-3.530425338763857,-1.0366821288515409,-0.8078554621848735,0.2288266666666674,120.0,0.0034514239819011723,0.45278701600139104,3.530425338763857,20.0,0.0
7,"[38, [78.767500000000013], 1]",15.132490715375916,-0.8780302446475217,-0.9401587301587302,-0.06212848551120853,60.0,0.00408734022734915,0.7507958898072917,15.132490715375916,40.0,0.0
8,"[40, [76.444999999999993], 1]",7.191290836044113,-0.6560043305822418,-0.7619603174603178,-0.10595598687807595,60.0,0.03127893797962525,0.561244363207245,7.191290836044113,40.0,0.0
