,rule,ratio,minus,trt_effect,nongroup_trt_effect,number,p_val,non_p_val,abs(ratio),abs(number-100),score
0,"[7, [1], 0]",-2.5166905126468335,-0.8491007832480806,-0.6076519607843132,0.24144882246376742,98.0,0.035346823150930726,0.306669497055704,2.5166905126468335,2.0,0.0
1,"[30, [27.287499999999998], 2]",-6.501133156409241,-0.8205963133640548,-0.7111999999999989,0.10939631336405586,60.0,0.02493430998366744,0.5376055016572587,6.501133156409241,40.0,0.0
