,rule,ratio,minus,trt_effect,nongroup_trt_effect,number,p_val,non_p_val,abs(ratio),abs(number-100),score
0,"[7, [0], 0]",-2.587261673203863,-1.001459645793319,-0.7222885852392409,0.27917106055407803,117.0,0.0032608884361276947,0.2401338904331649,2.587261673203863,17.0,0.0
1,"[7, [0, 2], 0]",-1.649352333992769,-1.1170475045577195,-0.6954170969198472,0.4216304076378723,137.0,0.0021036112165480968,0.07958608555162855,1.649352333992769,37.0,0.0
2,"[16, [1], 0]",-5.310410226430689,-0.8736966464219105,-0.7352434215012078,0.13845322492070267,98.0,0.010448976401251402,0.6280318741735249,5.310410226430689,2.0,0.0
3,"[16, [1, 2], 0]",-3.1385694077116013,-0.8115002376203693,-0.6154179305051954,0.19608230711517383,127.0,0.012025073922519652,0.45757869579302124,3.1385694077116013,27.0,0.0
4,"[23, [0, 2], 0]",-1.8450131078973286,-0.9430695438329266,-0.6115879273809295,0.33148161645199714,144.0,0.005293111982209544,0.21855596785548237,1.8450131078973286,44.0,0.0
5,"[24, [22.984999999999999], 2]",7.972145560567645,-0.5568414223504359,-0.6367080025176319,-0.07986658016719606,60.0,0.0399520906768311,0.7063953892126269,7.972145560567645,40.0,0.0
