,rule,ratio,minus,trt_effect,nongroup_trt_effect,number,p_val,non_p_val,abs(ratio),abs(number-100),score
0,"[4, [1, 2], 0]",-2.6851784392897593,-0.8409801226570748,-0.6127740434911617,0.22820607916591307,136.0,0.0015221628724451936,0.30052231149547204,2.6851784392897593,36.0,0.0
1,"[31, [55.390000000000001], 2]",-5.792081099106237,-0.7308170386952835,-0.623218641675046,0.10759839702023744,120.0,0.006887107116384073,0.867361657895768,5.792081099106237,20.0,0.0
2,"[32, [23.009999999999998], 2]",5.049544895031496,-0.5345428399575205,-0.6665435594984661,-0.1320007195409456,60.0,0.031746643507097834,0.5142076476941637,5.049544895031496,40.0,0.0
3,"[35, [52.549999999999997], 1]",-8.250367540217228,-0.7017439471004732,-0.6258827508777776,0.0758611962226956,120.0,0.00329968116019898,0.8016934333219254,8.250367540217228,20.0,0.0
