,rule,ratio,minus,trt_effect,nongroup_trt_effect,number,p_val,non_p_val,abs(ratio),abs(number-100),score
0,"[24, [52.945], 1]",-4.391124758469954,-0.815171835727293,-0.6639655713115822,0.15120626441571083,120.0,0.006214024225953037,0.37547558679275994,4.391124758469954,20.0,0.0
1,"[24, [77.537499999999994], 1]",5.807543625014261,-0.5717490401689869,-0.6906765184749775,-0.1189274783059906,60.0,0.02938623948439201,0.8416536696782461,5.807543625014261,40.0,0.0
2,"[25, [77.504999999999995], 1]",20.316673740475185,-0.8655829071447698,-0.9103930498626163,-0.044810142717846446,60.0,0.004909089397678035,0.9739883803795758,20.316673740475185,40.0,0.0
3,"[28, [23.732500000000002], 2]",10.540750807289927,-0.6924208178728266,-0.7649959046619879,-0.07257508678916125,60.0,0.02004957255595833,0.866013713157711,10.540750807289927,40.0,0.0
4,"[29, [25.032500000000002], 2]",7.461976932559004,-0.6500701409939662,-0.7506694077165932,-0.10059926672262698,60.0,0.018159742966526636,0.8907558514273024,7.461976932559004,40.0,0.0
