,rule,ratio,minus,trt_effect,nongroup_trt_effect,number,p_val,non_p_val,abs(ratio),abs(number-100),score
0,"[6, [1], 0]",2003.4698850654627,-0.7101414257337035,-0.7104960584954894,-0.0003546327617858225,94.0,0.0045840897292516005,0.7295221059879867,2003.4698850654627,6.0,0.0
1,"[6, [1, 2], 0]",-5.236411511297321,-0.7875354257538696,-0.6612552044555731,0.12628022129829652,123.0,0.0023722991223557015,0.3951080685904922,5.236411511297321,23.0,0.0
2,"[10, [1], 0]",-8.741259408063977,-0.8532987059228319,-0.76570236235185,0.0875963435709819,102.0,0.002738638160371689,0.5810592045836771,8.741259408063977,2.0,0.0
3,"[26, [51.010000000000005], 1]",-100.41773582037202,-0.633225088981896,-0.6269813577068906,0.0062437312750054375,120.0,0.017163191888281432,0.8977019657834405,100.41773582037202,20.0,0.0
4,"[34, [50.655000000000001], 2]",-4.582796543817341,-0.8770652985335055,-0.7199638724561375,0.157101426077368,120.0,0.0031206199115221458,0.5112396798610845,4.582796543817341,20.0,0.0
5,"[40, [56.460000000000001], 1]",-8.720458232561125,-0.6927540279900333,-0.621486397245067,0.07126763074496623,120.0,0.005841712678741666,0.6845103296182538,8.720458232561125,20.0,0.0
6,"[40, [78.334999999999994], 1]",8.353585650429565,-0.7201221921341547,-0.8180502270231056,-0.09792803488895085,60.0,0.029280157743036585,0.5656706949707571,8.353585650429565,40.0,0.0
7,"[43, [26.639999999999997], 2]",57.24610612580112,-1.0029261172969024,-1.0207571492807652,-0.01783103198386282,60.0,0.003152896193642413,0.9049763840220669,57.24610612580112,40.0,0.0
