,rule,ratio,minus,trt_effect,nongroup_trt_effect,number,p_val,non_p_val,abs(ratio),abs(number-100),score
0,"[25, [54.829999999999998], 1]",9.193991912882083,-0.5518338399790998,-0.619179993825254,-0.06734615384615417,120.0,0.00992111261107949,0.7433857288975657,9.193991912882083,20.0,0.0
1,"[25, [77.922499999999999], 1]",5.614558107090231,-0.6511326071428574,-0.7922366071428568,-0.14110399999999945,60.0,0.016710857427791558,0.47029371707857703,5.614558107090231,40.0,0.0
2,"[40, [47.010000000000005], 2]",6.871662735548399,-0.5138688186407476,-0.6013855650522313,-0.08751674641148366,120.0,0.02465179222029838,0.5860397253544195,6.871662735548399,20.0,0.0
3,"[41, [74.022500000000008], 1]",2.534752360697038,-0.38744145276326947,-0.6398870346598207,-0.2524455818965512,60.0,0.03664528173741687,0.2695074328919228,2.534752360697038,40.0,0.0
4,"[42, [52.399999999999999], 2]",8.89125056254257,-0.5644949723839385,-0.6360292580982243,-0.07153428571428577,120.0,0.014135855321623094,0.841780972869508,8.89125056254257,20.0,0.0
