,rule,ratio,minus,trt_effect,nongroup_trt_effect,number,p_val,non_p_val,abs(ratio),abs(number-100),score
0,"[4, [1], 0]",249.56461385077137,-0.6560797570850205,-0.6587192307692309,-0.0026394736842103583,105.0,0.024232816975810284,0.9846219052397801,249.56461385077137,5.0,0.0
1,"[10, [1, 2], 0]",-123.3191143977491,-0.6491124130062618,-0.6438910726182545,0.005221340388007256,117.0,0.026986818089099165,0.9214004287563731,123.3191143977491,17.0,0.0
2,"[11, [1], 0]",11.1087061711934,-0.639108186387797,-0.7023317261330764,-0.06322353974527939,95.0,0.03213785229129578,0.772668567103131,11.1087061711934,5.0,0.0
3,"[11, [1, 2], 0]",-4.3454815993898075,-1.0214936427390882,-0.8303988603988604,0.1910947823402278,120.0,0.005042319946125316,0.46008336900344704,4.3454815993898075,20.0,0.0
4,"[24, [51.155000000000001], 2]",-10.347070927177814,-0.8165526809519106,-0.7445911424903722,0.07196153846153841,120.0,0.004748749190027362,0.6598172607520842,10.347070927177814,20.0,0.0
5,"[38, [47.700000000000003], 1]",-7.853718344080021,-0.7476613005050492,-0.6632152777777769,0.08444602272727231,120.0,0.019793562065968492,0.6865483250716007,7.853718344080021,20.0,0.0
6,"[38, [72.905000000000001], 1]",17.535088811083973,-0.9523850389610384,-1.009982857142857,-0.05759781818181864,60.0,0.02597198601050345,0.8412482169113559,17.535088811083973,40.0,0.0
7,"[39, [79.525000000000006], 1]",3.842094070834293,-0.5337734254992332,-0.7215833333333341,-0.1878099078341009,60.0,0.024556788892450804,0.49273767294379167,3.842094070834293,40.0,0.0
8,"[41, [77.477499999999992], 1]",3.0063881864273094,-0.4304128444744757,-0.6449340659340645,-0.21452122145958885,60.0,0.034385954689686186,0.6183053429392755,3.0063881864273094,40.0,0.0
