,rule,ratio,minus,trt_effect,nongroup_trt_effect,number,p_val,non_p_val,abs(ratio),abs(number-100),score
0,"[39, [28.172500000000003], 2]",-8.564633699188104,-0.6793317780392822,-0.6083063943806328,0.07102538365864941,60.0,0.02813669683251352,0.6753922578106641,8.564633699188104,40.0,0.0
