,rule,ratio,minus,trt_effect,nongroup_trt_effect,number,p_val,non_p_val,abs(ratio),abs(number-100),score
0,"[7, [1], 0]",-2.644616056905949,-0.945759750903143,-0.6862647214854123,0.2594950294177307,94.0,0.017404905612826916,0.23072262988100478,2.644616056905949,6.0,0.0
1,"[24, [25.055], 2]",-7.160751370137773,-0.8344803307818474,-0.7322250000000006,0.10225533078184679,60.0,0.03561572220771859,0.5983267799111476,7.160751370137773,40.0,0.0
