,rule,ratio,minus,trt_effect,nongroup_trt_effect,number,p_val,non_p_val,abs(ratio),abs(number-100),score
0,"[14, [0], 0]",-4.84413568715805,-0.858467581007516,-0.711573732718894,0.14689384828862195,101.0,0.015415833802403385,0.5257860199562077,4.84413568715805,1.0,0.0
1,"[14, [0, 2], 0]",-2.7959821282249533,-0.8371221366868422,-0.616593665158371,0.22052847152847121,124.0,0.02052089168077241,0.3935244011725111,2.7959821282249533,24.0,0.0
2,"[15, [0], 0]",-7.020193181655842,-0.7307350336418592,-0.6396231343283576,0.09111189931350161,99.0,0.013274568437246195,0.4748602255863752,7.020193181655842,1.0,0.0
3,"[27, [43.825000000000003], 1]",-2.2503381459717637,-1.0931291547958226,-0.756816714150049,0.3363124406457736,120.0,0.002039156726476457,0.09169708760400862,2.2503381459717637,20.0,0.0
4,"[27, [74.035000000000011], 1]",-5.951179056344092,-1.6527680097680113,-1.415000000000001,0.23776800976801038,60.0,0.00023421788797429915,0.1719134816583242,5.951179056344092,40.0,0.0
5,"[29, [24.962499999999999], 2]",-71.83724806189217,-0.8567181321032402,-0.8449560439560431,0.011762088147197147,60.0,0.040778596824107796,0.9656603938958128,71.83724806189217,40.0,0.0
6,"[43, [48.969999999999999], 1]",-2.9088047953038063,-0.8572086520376176,-0.6379066666666668,0.2193019853709508,120.0,0.01682270258268785,0.32924308199256613,2.9088047953038063,20.0,0.0
7,"[43, [74.3125], 1]",-21.596263948460543,-1.0615312907033072,-1.0145531135531138,0.04697817715019337,60.0,0.003398612483184949,0.6961375815525876,21.596263948460543,40.0,0.0
