,rule,ratio,minus,trt_effect,nongroup_trt_effect,number,p_val,non_p_val,abs(ratio),abs(number-100),score
0,"[7, [1], 0]",-100.17406286671125,-0.6304302187058406,-0.6241990740740748,0.006231144631765773,99.0,0.003056559846221587,0.9758216803155665,100.17406286671125,1.0,0.0
1,"[20, [0], 0]",-2.9537338031595826,-0.8929188463955908,-0.6670769230769231,0.2258419233186677,117.0,0.002592198483884799,0.5907890760739438,2.9537338031595826,17.0,0.0
2,"[22, [1], 0]",-13.818367065950884,-0.6499142512077292,-0.6060555555555558,0.043858695652173374,102.0,0.00819530166804063,0.9477834592588216,13.818367065950884,2.0,0.0
3,"[27, [47.989999999999995], 1]",-4.099954411995102,-0.761709430468466,-0.6123533051123404,0.14935612535612552,120.0,0.0062145523865262805,0.6845810771677121,4.099954411995102,20.0,0.0
4,"[40, [23.564999999999998], 2]",7.515042772219793,-0.6127397727272728,-0.706789772727273,-0.09405000000000019,60.0,0.04576066615204309,0.4310190576099001,7.515042772219793,40.0,0.0
