,rule,ratio,minus,trt_effect,nongroup_trt_effect,number,p_val,non_p_val,abs(ratio),abs(number-100),score
0,"[12, [1], 0]",12.068253123013733,-0.5529762734110752,-0.6029368468877783,-0.04996057347670302,102.0,0.014357156687314035,0.553371823289649,12.068253123013733,2.0,0.0
1,"[33, [31.935000000000002], 2]",4.6612665429379145,-0.5074110576923081,-0.6460000000000008,-0.1385889423076927,60.0,0.010769505778143056,0.3768605367528445,4.6612665429379145,40.0,0.0
2,"[35, [50.454999999999998], 1]",-6.8157921342634555,-0.7976015873015871,-0.695551587301587,0.1020500000000002,120.0,0.0034931930531829146,0.9911165015091379,6.8157921342634555,20.0,0.0
3,"[36, [22.9025], 2]",10.488188150110787,-0.7886003795526122,-0.8717142857142859,-0.08311390616167369,60.0,0.0068931146975523,0.4653666076890882,10.488188150110787,40.0,0.0
4,"[38, [51.990000000000002], 2]",-6.7121681415928744,-0.7262291666666663,-0.6320624999999991,0.09416666666666718,120.0,0.005195671622177606,0.9771567565574565,6.7121681415928744,20.0,0.0
5,"[39, [73.247500000000002], 1]",3.814007931624105,-0.47219045209173416,-0.6399904240766068,-0.16779997198487262,60.0,0.011798510875504157,0.31238965963709864,3.814007931624105,40.0,0.0
6,"[42, [22.350000000000001], 2]",3.743949049279637,-0.46279224042268563,-0.6314514363885078,-0.16865919596582213,60.0,0.03796907222690115,0.22517796512144783,3.743949049279637,40.0,0.0
