,rule,ratio,minus,trt_effect,nongroup_trt_effect,number,p_val,non_p_val,abs(ratio),abs(number-100),score
0,"[24, [75.704999999999998], 1]",-4.739199266502185,-1.111501774291451,-0.9178333333333333,0.19366844095811775,60.0,0.011004826115473149,0.3094792436517456,4.739199266502185,40.0,0.0
