,rule,ratio,minus,trt_effect,nongroup_trt_effect,number,p_val,non_p_val,abs(ratio),abs(number-100),score
0,"[24, [54.034999999999997], 2]",10.834085489260275,-0.5636943951903568,-0.6210148644709994,-0.057320469280642605,120.0,0.014435507052236039,0.9691025968090929,10.834085489260275,20.0,0.0
1,"[27, [26.512499999999999], 2]",6.27399966295837,-0.7794875370303984,-0.9272857142857145,-0.14779817725531608,60.0,0.01887498845022779,0.6086915572610578,6.27399966295837,40.0,0.0
2,"[27, [52.325000000000003], 2]",35.95265999473213,-0.635001196172249,-0.6531686602870819,-0.018167464114832832,120.0,0.008461860224589354,0.7812136471487298,35.95265999473213,20.0,0.0
3,"[33, [25.745000000000001], 2]",4.986637571401067,-0.6851007352941165,-0.8569499999999985,-0.17184926470588202,60.0,0.046423869161211,0.5039572242320192,4.986637571401067,40.0,0.0
4,"[37, [71.694999999999993], 1]",7.343226856345585,-0.8154761012617247,-0.9440346598202831,-0.12855855855855847,60.0,0.03192779793476549,0.5902912233522467,7.343226856345585,40.0,0.0
