,rule,ratio,minus,trt_effect,nongroup_trt_effect,number,p_val,non_p_val,abs(ratio),abs(number-100),score
0,"[27, [25.7775], 2]",74.36887353138685,-0.6760397105179701,-0.6852539682539671,-0.009214257735997045,60.0,0.03894337436341042,0.7652234699646199,74.36887353138685,40.0,0.0
1,"[43, [27.344999999999999], 2]",-361.07214823626316,-0.6458974446606023,-0.6441135531135531,0.0017838915470491656,60.0,0.048151170500104486,0.8122887219082218,361.07214823626316,40.0,0.0
