,rule,ratio,minus,trt_effect,nongroup_trt_effect,number,p_val,non_p_val,abs(ratio),abs(number-100),score
0,"[15, [1], 0]",8.458770085158287,-0.5871319332684388,-0.6658489236790608,-0.07871699041062197,108.0,0.016430230902165995,0.7576944161925505,8.458770085158287,8.0,0.0
1,"[18, [1], 0]",19.583832748510062,-0.6448270784857453,-0.679525360977415,-0.03469828249166973,110.0,0.008335460618478414,0.8520025336954873,19.583832748510062,10.0,0.0
2,"[22, [1], 0]",4.2764848962639865,-0.4681322802197805,-0.6110086538461532,-0.14287637362637273,97.0,0.02556583932710344,0.699439046390408,4.2764848962639865,3.0,0.0
3,"[22, [1, 2], 0]",-29.10254444894218,-0.7202504381518233,-0.6963238747553815,0.023926563396441836,115.0,0.005593108485412461,0.7697478822019762,29.10254444894218,15.0,0.0
4,"[23, [1, 2], 0]",-23.490783822076548,-0.6880113632796565,-0.6599186991869921,0.02809266409266442,124.0,0.006043513489138577,0.7217184526335899,23.490783822076548,24.0,0.0
5,"[28, [25.857500000000002], 2]",5.676388945089643,-0.7055409035409044,-0.85641391941392,-0.1508730158730156,60.0,0.02512322203431525,0.4515886075496096,5.676388945089643,40.0,0.0
6,"[29, [26.644999999999996], 2]",8.91906293624012,-0.9205976876279944,-1.0368485237483958,-0.11625083612040132,60.0,0.002220341630479228,0.6550760513747909,8.91906293624012,40.0,0.0
