,rule,ratio,minus,trt_effect,nongroup_trt_effect,number,p_val,non_p_val,abs(ratio),abs(number-100),score
0,"[36, [51.870000000000005], 2]",-1.55268363604991,-1.0825414945678107,-0.6584617224880382,0.42407977207977243,120.0,0.008327148259249512,0.14987325637045393,1.55268363604991,20.0,0.0
