,rule,ratio,minus,trt_effect,nongroup_trt_effect,number,p_val,non_p_val,abs(ratio),abs(number-100),score
0,"[18, [0], 0]",29.710783551308968,-0.6685379111988219,-0.6918231660231662,-0.023285254824344293,107.0,0.022842429491404456,0.9418396936427433,29.710783551308968,7.0,0.0
1,"[25, [76.882499999999993], 1]",4.063365279845365,-0.46640333145115687,-0.6186552795031046,-0.15225194805194775,60.0,0.034447478347735636,0.4997448487440025,4.063365279845365,40.0,0.0
2,"[28, [51.43], 2]",24.80754802855379,-0.5944197966507172,-0.6193874999999993,-0.02496770334928211,120.0,0.01771358113345687,0.9500634098143725,24.80754802855379,20.0,0.0
3,"[40, [23.712500000000002], 2]",5.540401084820247,-0.6670008070402158,-0.8139043062200955,-0.14690349917987966,60.0,0.03836938697718158,0.527275893716176,5.540401084820247,40.0,0.0
