,rule,ratio,minus,trt_effect,nongroup_trt_effect,number,p_val,non_p_val,abs(ratio),abs(number-100),score
0,"[21, [1], 0]",-25.732493803712686,-0.6576335945399396,-0.6330330615942028,0.02460053294573683,101.0,0.02364592386660946,0.8215437053934722,25.732493803712686,1.0,0.0
1,"[31, [19.975000000000001], 2]",433.94789187698973,-0.8295700144398852,-0.8314861111111114,-0.001916096671226164,60.0,0.007566970241193847,0.9974671426887554,433.94789187698973,40.0,0.0
2,"[31, [45.25], 2]",-4.423497541247167,-0.7773464590964609,-0.6340170940170946,0.14332936507936633,120.0,0.007097023003819036,0.5688065202592048,4.423497541247167,20.0,0.0
3,"[32, [75.607499999999987], 1]",6.584142578568538,-0.6102222935387243,-0.7195,-0.10927770646127577,60.0,0.016967679845510206,0.5767533220325181,6.584142578568538,40.0,0.0
4,"[34, [73.152500000000003], 1]",9.652574475906118,-0.6597172048720941,-0.7359623971797866,-0.07624519230769256,60.0,0.01663637789818057,0.6885533213902117,9.652574475906118,40.0,0.0
5,"[38, [70.987500000000011], 1]",4.757168899154151,-0.486950956450956,-0.6165567765567763,-0.12960582010582034,60.0,0.009432611088454718,0.7196120482807296,4.757168899154151,40.0,0.0
