,rule,ratio,minus,trt_effect,nongroup_trt_effect,number,p_val,non_p_val,abs(ratio),abs(number-100),score
0,"[13, [0], 0]",-3.135413548922697,-0.986271924119241,-0.7477777777777774,0.2384941463414636,108.0,0.0003969720685908156,0.24467214304307439,3.135413548922697,8.0,0.0
1,"[13, [0, 2], 0]",-2.1129537339777444,-0.9976517313056306,-0.6771677740863797,0.3204839572192508,128.0,0.0006193955133532665,0.16510097824677383,2.1129537339777444,28.0,0.0
2,"[24, [73.530000000000001], 1]",40.494971479332314,-0.6736191786283889,-0.6906750000000006,-0.017055821371611657,60.0,0.02297913163403048,0.7916332472467182,40.494971479332314,40.0,0.0
