,rule,ratio,minus,trt_effect,nongroup_trt_effect,number,p_val,non_p_val,abs(ratio),abs(number-100),score
0,"[35, [54.594999999999999], 1]",-2.299170862504804,-0.9325498401940315,-0.6498879596614122,0.2826618805326193,120.0,0.001776993725609118,0.281816676817804,2.299170862504804,20.0,0.0
1,"[35, [73.337500000000006], 1]",-23.54968822295433,-0.8822836727028909,-0.8463449811525052,0.03593869155038565,60.0,0.011277830625531839,0.985589395939928,23.54968822295433,40.0,0.0
2,"[43, [26.177500000000002], 2]",-11.23307645797976,-1.1398350598589264,-1.0466585752866093,0.09317648457231709,60.0,0.0035414046082737484,0.715668311802829,11.23307645797976,40.0,0.0
