,rule,ratio,minus,trt_effect,nongroup_trt_effect,number,p_val,non_p_val,abs(ratio),abs(number-100),score
0,"[13, [0], 0]",-7.923053328685924,-0.8020125313283213,-0.7121315789473686,0.08988095238095273,114.0,0.0065290834308309315,0.5277982821163065,7.923053328685924,14.0,0.0
1,"[14, [1, 2], 0]",-2.4199941108950864,-1.1854504761801081,-0.8388269330565645,0.3466235431235436,129.0,0.0010150764595265524,0.1520614522223115,2.4199941108950864,29.0,0.0
2,"[15, [1, 2], 0]",-2.8719065943157274,-1.1436340852130327,-0.8482669172932331,0.29536716791979956,122.0,0.0016725596627536676,0.11105901034771941,2.8719065943157274,22.0,0.0
3,"[28, [72.754999999999995], 1]",7.227408114929861,-0.7038943049205368,-0.8169259694477082,-0.1130316645271714,60.0,0.011860100066086749,0.7018296447232106,7.227408114929861,40.0,0.0
4,"[31, [79.594999999999999], 1]",20.967144082801205,-0.9751360124680772,-1.0239730423620026,-0.048837029893925354,60.0,0.010755640842077774,0.9061761991102061,20.967144082801205,40.0,0.0
5,"[38, [75.867499999999993], 1]",4.541267310633504,-0.5104730389610381,-0.654622857142857,-0.14414981818181882,60.0,0.02310990561809476,0.6258722169401559,4.541267310633504,40.0,0.0
6,"[41, [26.34], 2]",3.446066511436591,-0.43512770497795916,-0.6130164512338432,-0.17788874625588402,60.0,0.03392407746967859,0.530447237558382,3.446066511436591,40.0,0.0
