,rule,ratio,minus,trt_effect,nongroup_trt_effect,number,p_val,non_p_val,abs(ratio),abs(number-100),score
0,"[4, [0], 0]",-4.8597611924876585,-0.7380744071836673,-0.6121180101670287,0.12595639701663863,115.0,0.013984058322165396,0.6399241717496498,4.8597611924876585,15.0,0.0
1,"[5, [0], 0]",-3.537246167888314,-0.912049287693609,-0.7110354449472087,0.20101384274640033,112.0,0.006384401778687832,0.45413564577430676,3.537246167888314,12.0,0.0
2,"[7, [1], 0]",-3.689331553553339,-0.8453688563374602,-0.6650939393939392,0.18027491694352094,113.0,0.011544040017282792,0.6068629090916031,3.689331553553339,13.0,0.0
3,"[8, [0, 2], 0]",-2.3791848976060965,-0.9498767429116706,-0.6687803330689928,0.2810964098426778,136.0,0.0030835042963466,0.19468143528093906,2.3791848976060965,36.0,0.0
4,"[13, [1], 0]",-3.57195391102407,-0.9423968151523932,-0.7362711993888462,0.20612561576354693,111.0,0.0045056759932987096,0.43594916123735006,3.57195391102407,11.0,0.0
5,"[13, [1, 2], 0]",-2.745125646061163,-0.9413854986170564,-0.6900226372382576,0.2513628613787988,131.0,0.0039028483230153896,0.42301276138661126,2.745125646061163,31.0,0.0
6,"[26, [24.795000000000002], 2]",24.816113957568067,-0.8481544508929622,-0.8837670807453417,-0.03561262985237956,60.0,0.02154417639574543,0.776045291082782,24.816113957568067,40.0,0.0
