,rule,ratio,minus,trt_effect,nongroup_trt_effect,number,p_val,non_p_val,abs(ratio),abs(number-100),score
0,"[15, [0], 0]",60.90273347221612,-0.7105602027704716,-0.7224221022462283,-0.011861899475756665,104.0,0.018469916369183395,0.9252616094768275,60.90273347221612,4.0,0.0
1,"[26, [73.537499999999994], 1]",3.471530328183211,-0.533833005256918,-0.7498259061610844,-0.21599290090416634,60.0,0.02657776336501617,0.4364513800984784,3.471530328183211,40.0,0.0
2,"[30, [70.1875], 1]",4.786423944625154,-0.6178476872218814,-0.7810221484701838,-0.16317446124830237,60.0,0.03007128146523145,0.6193971769563337,4.786423944625154,40.0,0.0
3,"[32, [47.784999999999997], 1]",-13.24150649767824,-0.6921604735571654,-0.6435588404595709,0.048601633097594465,120.0,0.004466383102481901,0.6468527572032934,13.24150649767824,20.0,0.0
4,"[32, [73.747500000000002], 1]",3.058287116261612,-0.4256379029260966,-0.6324301913115802,-0.20679228838548358,60.0,0.048075876335591294,0.4302482120245227,3.058287116261612,40.0,0.0
5,"[39, [52.465000000000003], 1]",9.953439959533291,-0.5403362744016755,-0.6006858469507543,-0.0603495725490788,120.0,0.025341328854777273,0.9392267700193532,9.953439959533291,20.0,0.0
6,"[40, [73.1875], 1]",7.164817787386271,-0.8106570972643716,-0.9421544302306506,-0.13149733296627897,60.0,0.01274830278382467,0.6411585367528603,7.164817787386271,40.0,0.0
