,rule,ratio,minus,trt_effect,nongroup_trt_effect,number,p_val,non_p_val,abs(ratio),abs(number-100),score
0,"[22, [0], 0]",16.75298907765019,-0.6492154830053671,-0.6904276923076926,-0.0412122093023255,114.0,0.009958473008499525,0.8791968863920332,16.75298907765019,14.0,0.0
1,"[24, [22.422499999999999], 2]",5.541184836509324,-0.7344346275999518,-0.8961621621621632,-0.16172753456221134,60.0,0.008530689899135848,0.5897556896745058,5.541184836509324,40.0,0.0
2,"[26, [53.075000000000003], 1]",-126.10132656837169,-0.7139863993110298,-0.7083689410311829,0.005617458279846943,120.0,0.004452725470562646,0.8767086617345577,126.10132656837169,20.0,0.0
3,"[26, [71.465000000000003], 1]",16.24022466127637,-1.1033995237428211,-1.1758000000000006,-0.07240047625717949,60.0,0.007159462065820282,0.7021264956623163,16.24022466127637,40.0,0.0
4,"[27, [48.384999999999998], 1]",7.091922932044629,-0.5195539986329472,-0.6048397129186611,-0.08528571428571396,120.0,0.0310405667242197,0.6358966872379264,7.091922932044629,20.0,0.0
5,"[29, [24.9175], 2]",2.282031661028258,-0.3403933947951945,-0.605904306220097,-0.2655109114249026,60.0,0.04870359670103604,0.33118174389707067,2.282031661028258,40.0,0.0
6,"[33, [50.484999999999999], 1]",-5.626711630386138,-0.9789669163646995,-0.8312364927446731,0.1477304236200263,120.0,0.003100391248688433,0.6497240473482851,5.626711630386138,20.0,0.0
