,rule,ratio,minus,trt_effect,nongroup_trt_effect,number,p_val,non_p_val,abs(ratio),abs(number-100),score
0,"[6, [1], 0]",128.02591118574117,-0.735814477840929,-0.7416071107846518,-0.005792632943722786,98.0,0.017929439801965447,0.8334659047663293,128.02591118574117,2.0,0.0
1,"[18, [0], 0]",30.991866890217096,-0.6388024361549514,-0.6601016249814835,-0.021299188826532145,99.0,0.017831017239944635,0.8482602836300718,30.991866890217096,1.0,0.0
2,"[27, [20.830000000000002], 2]",12.836304938443568,-0.8468114035970666,-0.9183549645310771,-0.07154356093401049,60.0,0.014715713737638183,0.963032308597573,12.836304938443568,40.0,0.0
3,"[29, [24.322499999999998], 2]",19.92243430559889,-0.9739622735804883,-1.0254335725608898,-0.05147129898040159,60.0,0.017765380490902313,0.8494819839756536,19.92243430559889,40.0,0.0
4,"[29, [54.115000000000002], 2]",-3.706928654371018,-0.9637959236302276,-0.7590348162496827,0.20476110738054487,120.0,0.009101669084726214,0.3565263615523009,3.706928654371018,20.0,0.0
5,"[33, [74.099999999999994], 1]",9.455404720274382,-0.8196775770520857,-0.9166188358290501,-0.09694125877696447,60.0,0.044865731737582806,0.7661767216123141,9.455404720274382,40.0,0.0
