,rule,ratio,minus,trt_effect,nongroup_trt_effect,number,p_val,non_p_val,abs(ratio),abs(number-100),score
0,"[4, [0, 2], 0]",-1.5856756326528794,-1.029906092510827,-0.6315939146394856,0.39831217787134143,140.0,0.004655216472828969,0.057544900707953844,1.5856756326528794,40.0,0.0
1,"[17, [1], 0]",-6.696608693496106,-0.731882077033581,-0.6367905755451337,0.09509150148844725,97.0,0.019842513052727214,0.43311716150822044,6.696608693496106,3.0,0.0
2,"[28, [24.637499999999999], 2]",-39.82358500340816,-0.814151017640774,-0.7942078642510655,0.019943153389708534,60.0,0.007604510341375828,0.5986365794449551,39.82358500340816,40.0,0.0
3,"[31, [78.545000000000002], 1]",23.11001904415426,-0.6406766673171997,-0.6696534251407797,-0.02897675782358,60.0,0.049068275284400234,0.8800960902986639,23.11001904415426,40.0,0.0
4,"[34, [22.079999999999998], 2]",-47.42240904869154,-0.9416033095186407,-0.9221576989425166,0.01944561057612404,60.0,0.021063448452570088,0.8148180979882306,47.42240904869154,40.0,0.0
5,"[34, [44.734999999999999], 2]",-3.715352528181294,-0.8062137030579866,-0.6352373660312951,0.17097633702669146,120.0,0.01857873138444859,0.4233989571962239,3.715352528181294,20.0,0.0
