,rule,ratio,minus,trt_effect,nongroup_trt_effect,number,p_val,non_p_val,abs(ratio),abs(number-100),score
0,"[9, [1], 0]",4.484989126344901,-0.5057256238703749,-0.6508410332836565,-0.1451154094132816,94.0,0.027652984791516295,0.5933123056543714,4.484989126344901,6.0,0.0
1,"[13, [0], 0]",7.603717125659127,-0.536191682301439,-0.617387116948092,-0.08119543464665302,121.0,0.013072536503315005,0.7776430686234017,7.603717125659127,21.0,0.0
2,"[14, [1], 0]",8.908668610934914,-0.6124025613275599,-0.6898369047619051,-0.07743434343434519,107.0,0.01924989315774904,0.7644878776461256,8.908668610934914,7.0,0.0
3,"[24, [48.715000000000003], 2]",11.077974271352145,-0.5944405141641989,-0.6534246411483258,-0.05898412698412692,120.0,0.014368967055330806,0.8478631477744593,11.077974271352145,20.0,0.0
4,"[27, [78.550000000000011], 1]",6.049592374632526,-0.7482247272727278,-0.8963999999999999,-0.14817527272727204,60.0,0.01819735864851101,0.513316160864652,6.049592374632526,40.0,0.0
5,"[32, [48.620000000000005], 2]",-86.03348554033532,-0.7147625,-0.70655,0.008212499999999956,120.0,0.007598981137544391,0.9157621256633598,86.03348554033532,20.0,0.0
6,"[34, [30.205000000000002], 2]",5.517966823576986,-0.7260364458345965,-0.8867362637362639,-0.16069981790166743,60.0,0.020504047527395982,0.516273124664961,5.517966823576986,40.0,0.0
7,"[34, [52.57], 2]",-254.88262310773112,-0.6529131340515475,-0.6503615221987307,0.0025516118528168263,120.0,0.022639305777716463,0.9252956265706327,254.88262310773112,20.0,0.0
8,"[40, [30.4725], 2]",4.983818622117665,-0.6557549556589013,-0.820359576968273,-0.1646046213093717,60.0,0.02302533392572061,0.4698937068375352,4.983818622117665,40.0,0.0
9,"[41, [47.670000000000002], 2]",8.830438666661674,-0.5526073677084264,-0.623179067613461,-0.07057169990503454,120.0,0.016451991350160473,0.8117811420215925,8.830438666661674,20.0,0.0
10,"[43, [53.799999999999997], 1]",-16.60850008700187,-0.6425146031746038,-0.6060257142857148,0.036488888888889015,120.0,0.012731001966801932,0.7526466163941129,16.60850008700187,20.0,0.0
