,rule,ratio,minus,trt_effect,nongroup_trt_effect,number,p_val,non_p_val,abs(ratio),abs(number-100),score
0,"[24, [72.032499999999999], 1]",6.012059084304492,-0.5987341658445526,-0.7181928864569089,-0.1194587206123563,60.0,0.024093209521206915,0.4077602826054839,6.012059084304492,40.0,0.0
1,"[27, [25.007499999999997], 2]",5.8206039624551,-0.5584736202549374,-0.6743249999999996,-0.11585137974506221,60.0,0.0216014735982108,0.5361622874560903,5.8206039624551,40.0,0.0
2,"[30, [79.587500000000006], 1]",8.093688805763197,-0.6261483030303037,-0.7144166666666667,-0.08826836363636303,60.0,0.016431060017662046,0.5243833135020392,8.093688805763197,40.0,0.0
