,rule,ratio,minus,trt_effect,nongroup_trt_effect,number,p_val,non_p_val,abs(ratio),abs(number-100),score
0,"[5, [0], 0]",-13.233558729408191,-0.6624081990694792,-0.6158697183098596,0.04653848075961964,107.0,0.013542869150585718,0.9905643976719413,13.233558729408191,7.0,0.0
1,"[10, [0], 0]",-5.066508738343668,-0.8211895113151009,-0.6858250790305593,0.13536443228454154,112.0,0.004869838886715931,0.5499600558170918,5.066508738343668,12.0,0.0
2,"[10, [0, 2], 0]",-2.245784010542896,-1.0233659218227444,-0.70807509578544,0.3152908260373044,132.0,0.0013760653092363007,0.19208536443975432,2.245784010542896,32.0,0.0
3,"[38, [71.22999999999999], 1]",8.479791832605791,-0.6077469689096278,-0.6889988249118693,-0.0812518560022415,60.0,0.014070310850057855,0.5948817043195956,8.479791832605791,40.0,0.0
