,rule,ratio,minus,trt_effect,nongroup_trt_effect,number,p_val,non_p_val,abs(ratio),abs(number-100),score
0,"[23, [1], 0]",-2.4906470876782274,-0.9201848164746051,-0.6565704225352116,0.26361439393939357,107.0,0.006031189066187542,0.22800886033154588,2.4906470876782274,7.0,0.0
1,"[23, [1, 2], 0]",-1.4536373102425524,-1.1704809785305494,-0.693441860465116,0.4770391180654334,128.0,0.0020882500170982523,0.04715171603781168,1.4536373102425524,28.0,0.0
