,rule,ratio,minus,trt_effect,nongroup_trt_effect,number,p_val,non_p_val,abs(ratio),abs(number-100),score
0,"[4, [1], 0]",-54.46141310248102,-0.7402667172132,-0.7269192982456136,0.0133474189675864,106.0,0.011926232058078662,0.6590799031261394,54.46141310248102,6.0,0.0
1,"[4, [1, 2], 0]",-6.130603778073549,-0.7589799596725655,-0.6525401709401706,0.1064397887323949,129.0,0.009821498952784906,0.39323641476092297,6.130603778073549,29.0,0.0
2,"[19, [0], 0]",-14.895306425049522,-0.7119538284768829,-0.6671636363636368,0.044790192113246086,108.0,0.03174859309607632,0.7024200731009012,14.895306425049522,8.0,0.0
3,"[27, [22.439999999999998], 2]",3.624193351771003,-0.46078026755852886,-0.6363695652173922,-0.17558929765886333,60.0,0.04262089279652595,0.6723707831833867,3.624193351771003,40.0,0.0
4,"[28, [28.419999999999998], 2]",39.35950634418126,-0.9848353304882407,-1.0105091575091567,-0.02567382702091603,60.0,0.007507438128992564,0.9049763840220669,39.35950634418126,40.0,0.0
5,"[35, [27.079999999999998], 2]",8.023353704703862,-0.6646671140156375,-0.7593038277511965,-0.09463671373555904,60.0,0.03765812044316103,0.8826541010921737,8.023353704703862,40.0,0.0
6,"[35, [49.060000000000002], 2]",-5.3355279609992685,-0.7555576114973714,-0.6363003663003663,0.11925724519700509,120.0,0.017986814621751772,0.5698487146053213,5.3355279609992685,20.0,0.0
7,"[41, [74.739999999999995], 1]",11.755915652264564,-0.8194225855815889,-0.8956060191518462,-0.07618343357025736,60.0,0.02308383621128225,0.9340231742914817,11.755915652264564,40.0,0.0
8,"[42, [25.174999999999997], 2]",7.852146976772964,-0.697862515151515,-0.7997083333333332,-0.10184581818181826,60.0,0.029791013545681443,0.9356487862706675,7.852146976772964,40.0,0.0
