,rule,ratio,minus,trt_effect,nongroup_trt_effect,number,p_val,non_p_val,abs(ratio),abs(number-100),score
0,"[6, [1], 0]",-7.822130361849892,-0.7551743589743616,-0.6695743589743604,0.08560000000000123,114.0,0.001298284540565,0.8013770636082461,7.822130361849892,14.0,0.0
1,"[6, [1, 2], 0]",-3.4744379523612174,-0.8093792052448237,-0.6284896245059279,0.18088958073889572,134.0,0.0008925202883333962,0.5642434242515466,3.4744379523612174,34.0,0.0
2,"[15, [1], 0]",-15.245048987869346,-0.6733121554110992,-0.6318649331888775,0.04144722222222175,110.0,0.009598852481351556,0.99597522186934,15.245048987869346,10.0,0.0
3,"[26, [47.93], 1]",-17.013755550034485,-0.7241757622213179,-0.683974497126437,0.04020126509488087,119.0,0.003381780621545273,0.9872711604519425,17.013755550034485,19.0,0.0
4,"[26, [73.370000000000005], 1]",3.8529255549387678,-0.4771951294178871,-0.6444603174603172,-0.16726518804243007,60.0,0.04375907170721905,0.3142381886187918,3.8529255549387678,40.0,0.0
5,"[30, [71.109999999999999], 1]",12.953761735759604,-0.8382575417201528,-0.9083825417201536,-0.07012500000000088,60.0,0.006120893858049838,0.595394533900226,12.953761735759604,40.0,0.0
6,"[42, [78.169999999999987], 1]",3.8846737005111094,-0.45796817987318583,-0.6167272727272728,-0.15875909285408696,60.0,0.034267793524455255,0.3530525073271725,3.8846737005111094,40.0,0.0
