,rule,ratio,minus,trt_effect,nongroup_trt_effect,number,p_val,non_p_val,abs(ratio),abs(number-100),score
0,"[17, [1], 0]",-4.832525491196733,-0.9315120340899057,-0.7718021390374323,0.15970989505247335,90.0,0.03587264857131844,0.25735401462365637,4.832525491196733,10.0,0.0
1,"[17, [1, 2], 0]",-3.221614600962601,-0.9736068971678735,-0.742982600732601,0.2306242964352725,106.0,0.027057403626737815,0.15167061240865543,3.221614600962601,6.0,0.0
2,"[38, [21.042499999999997], 2]",-6.866223299703569,-1.3345120327700961,-1.1648611111111107,0.16965092165898543,60.0,0.0015309543450489815,0.21247797410834568,6.866223299703569,40.0,0.0
3,"[40, [76.852500000000006], 1]",-7.932680550495305,-1.1722136456733239,-1.0409861111111116,0.13122753456221226,60.0,0.005125106043046436,0.24281171544301705,7.932680550495305,40.0,0.0
