,rule,ratio,minus,trt_effect,nongroup_trt_effect,number,p_val,non_p_val,abs(ratio),abs(number-100),score
0,"[31, [76.322500000000005], 1]",53.709139703656746,-0.5966936243046632,-0.608014120667522,-0.011320496362858812,60.0,0.03129832879546301,0.7701827049288948,53.709139703656746,40.0,0.0
