,rule,ratio,minus,trt_effect,nongroup_trt_effect,number,p_val,non_p_val,abs(ratio),abs(number-100),score
0,"[33, [72.547499999999985], 1]",-3.746424837667201,-1.0791294243629412,-0.8517731591169255,0.2273562652460157,60.0,0.010811949082285763,0.2745032518459968,3.746424837667201,40.0,0.0
