,rule,ratio,minus,trt_effect,nongroup_trt_effect,number,p_val,non_p_val,abs(ratio),abs(number-100),score
0,"[4, [1], 0]",-29.806069696024327,-0.7502696339135353,-0.7259150297294656,0.02435460418406965,107.0,0.0022681812343594747,0.915192278675373,29.806069696024327,7.0,0.0
1,"[5, [1], 0]",-56.22605434641839,-0.7920280303511218,-0.7781876906772283,0.013840339673893531,97.0,0.0008237172791661772,0.9926443765671366,56.22605434641839,3.0,0.0
2,"[14, [0], 0]",9.487867941097724,-0.5734298618598688,-0.6409886252429979,-0.06755876338312916,104.0,0.016009906825372514,0.6323872173882945,9.487867941097724,4.0,0.0
3,"[20, [0], 0]",10.250419196979028,-0.5429865337210185,-0.601685120472454,-0.05869858675143558,122.0,0.012182543280604575,0.7808156476655295,10.250419196979028,22.0,0.0
4,"[31, [71.022499999999994], 1]",3.592001005998942,-0.5137848061491415,-0.7120041760336573,-0.19821936988451583,60.0,0.03647492971245816,0.2759434370464533,3.592001005998942,40.0,0.0
5,"[35, [21.149999999999999], 2]",16.790121154227023,-1.0119788854734804,-1.076068253477004,-0.06408936800352372,60.0,0.0017723621396368689,0.7910793553376723,16.790121154227023,40.0,0.0
6,"[36, [24.800000000000001], 2]",4.603776325599164,-0.6035933422545812,-0.77108246691723,-0.16748912466264887,60.0,0.014070310850057855,0.41854280059362303,4.603776325599164,40.0,0.0
7,"[42, [27.424999999999997], 2]",4.183758546994579,-0.5586743768964411,-0.7341507419065394,-0.17547636501009833,60.0,0.010755640842077774,0.3566092991994293,4.183758546994579,40.0,0.0
