,rule,ratio,minus,trt_effect,nongroup_trt_effect,number,p_val,non_p_val,abs(ratio),abs(number-100),score
0,"[8, [1], 0]",-6.8750687426029184,-0.7397207428425912,-0.6457887700534757,0.09393197278911547,100.0,0.01821578709778268,0.8735493143852847,6.8750687426029184,0.0,0.0
1,"[14, [1, 2], 0]",-6.328779634997857,-0.7579017622243454,-0.654487305797649,0.10341445642669633,120.0,0.023504846025371864,0.880340318029364,6.328779634997857,20.0,0.0
2,"[24, [26.392500000000002], 2]",115.3824462616836,-0.8426410625678562,-0.8500079365079367,-0.0073668739400805094,60.0,0.015193433592345767,0.7935435338474367,115.3824462616836,40.0,0.0
3,"[28, [76.752499999999998], 1]",531.5588988475404,-0.9417420454545455,-0.9435170454545458,-0.0017750000000003041,60.0,0.02014900665657962,0.7511648795898449,531.5588988475404,40.0,0.0
4,"[32, [52.789999999999999], 2]",-2.8478945340452526,-0.8321988095238089,-0.6159249999999998,0.21627380952380904,120.0,0.029295348419231197,0.7012073301917844,2.8478945340452526,20.0,0.0
