,rule,ratio,minus,trt_effect,nongroup_trt_effect,number,p_val,non_p_val,abs(ratio),abs(number-100),score
0,"[30, [67.675000000000011], 1]",11.853920966493455,-0.6541101305091992,-0.7143750000000004,-0.06026486949080123,60.0,0.034262486261838414,0.7737117052181459,11.853920966493455,40.0,0.0
1,"[31, [76.582499999999996], 1]",13.349877076411815,-0.8129716785128487,-0.8788000000000009,-0.06582832148715223,60.0,0.0068130619846592565,0.8720518180559192,13.349877076411815,40.0,0.0
2,"[35, [25.302500000000002], 2]",-699.2348155211866,-0.899356133971291,-0.8980717703349272,0.00128436363636375,60.0,0.0021551084588233523,0.9665603582158585,699.2348155211866,40.0,0.0
3,"[40, [23.612500000000001], 2]",6.815198373374229,-0.5220067815501768,-0.6117727272727276,-0.08976594572255081,60.0,0.048550292096513,0.6744300281146801,6.815198373374229,40.0,0.0
4,"[41, [26.712499999999999], 2]",-65.35658066651446,-0.7054773248626383,-0.6948457142857141,0.010631610576924189,60.0,0.045315044463632,0.9924456081806106,65.35658066651446,40.0,0.0
