,rule,ratio,minus,trt_effect,nongroup_trt_effect,number,p_val,non_p_val,abs(ratio),abs(number-100),score
0,"[25, [75.677499999999995], 1]",8.89489207211291,-0.6305219405737139,-0.7103864827124093,-0.07986454213869543,60.0,0.042751534120935415,0.4899990915346164,8.89489207211291,40.0,0.0
1,"[35, [73.287499999999994], 1]",4.220094127990794,-0.4671012773129366,-0.6121595454090896,-0.14505826809615296,60.0,0.03744160915246482,0.4538552212756475,4.220094127990794,40.0,0.0
2,"[43, [24.170000000000002], 2]",4.29573708996679,-0.5160789095345653,-0.6726687391983646,-0.1565898296637993,60.0,0.030217528917558745,0.4557665706124656,4.29573708996679,40.0,0.0
3,"[43, [75.975000000000009], 1]",63.56986520409515,-0.9098204698563981,-0.9243613429570301,-0.014540873100632012,60.0,0.007413645361908115,0.9285648063101448,63.56986520409515,40.0,0.0
