,rule,ratio,minus,trt_effect,nongroup_trt_effect,number,p_val,non_p_val,abs(ratio),abs(number-100),score
0,"[4, [1, 2], 0]",-1.4589389019042067,-1.108114170362314,-0.657466873065017,0.450647297297297,123.0,0.014198428235701983,0.08806826384052478,1.4589389019042067,23.0,0.0
1,"[17, [1], 0]",-2.25401970503829,-0.9012649434931692,-0.6242952182952193,0.27696972519794993,89.0,0.009743298579086271,0.15833401026771887,2.25401970503829,11.0,0.0
