,rule,ratio,minus,trt_effect,nongroup_trt_effect,number,p_val,non_p_val,abs(ratio),abs(number-100),score
0,"[23, [1, 2], 0]",-2.978829617002215,-0.8035742271683457,-0.6016117647058827,0.20196246246246297,130.0,0.013097143779681143,0.33608977334676426,2.978829617002215,30.0,0.0
1,"[28, [71.827499999999986], 1]",19.087382372117144,-0.752041384979468,-0.7936196172248806,-0.04157823224541257,60.0,0.047833204052560814,0.797963597196321,19.087382372117144,40.0,0.0
2,"[29, [23.932500000000001], 2]",7.5509939028810535,-0.6429658102766798,-0.7411136363636359,-0.09814782608695616,60.0,0.03818926959077307,0.7806619589261771,7.5509939028810535,40.0,0.0
3,"[33, [53.474999999999994], 1]",-5.523347962693629,-0.7310809252475918,-0.6190094966761635,0.11207142857142838,120.0,0.010791473851450139,0.5287031938682524,5.523347962693629,20.0,0.0
