,rule,ratio,minus,trt_effect,nongroup_trt_effect,number,p_val,non_p_val,abs(ratio),abs(number-100),score
0,"[13, [1], 0]",-4.538779384798645,-1.0525418487394953,-0.8625104761904767,0.19003137254901858,110.0,0.0011264770597143121,0.3512052964702389,4.538779384798645,10.0,0.0
1,"[13, [1, 2], 0]",-3.297945721153248,-0.8697468842892793,-0.6673834900731457,0.20236339421613359,131.0,0.006076334638145574,0.4150567163083939,3.297945721153248,31.0,0.0
2,"[33, [76.170000000000002], 1]",5.247656542932094,-0.5664249999999988,-0.6997749999999998,-0.13335000000000097,60.0,0.04997751270235625,0.5964463379380793,5.247656542932094,40.0,0.0
3,"[34, [70.409999999999997], 1]",7.885754458193226,-0.6762449394467884,-0.7744542124542129,-0.09820927300742444,60.0,0.026148143529253886,0.7317225851117961,7.885754458193226,40.0,0.0
