,rule,ratio,minus,trt_effect,nongroup_trt_effect,number,p_val,non_p_val,abs(ratio),abs(number-100),score
0,"[35, [73.109999999999999], 1]",25.83366790998007,-0.6855259331813075,-0.7131306324011844,-0.02760469921987685,60.0,0.01210734183306776,0.977814303061657,25.83366790998007,40.0,0.0
1,"[43, [27.18], 2]",-12.210103963012859,-0.7983278530794351,-0.737894728910641,0.060433124168794095,60.0,0.009038785058088262,0.7762267295708725,12.210103963012859,40.0,0.0
