,rule,ratio,minus,trt_effect,nongroup_trt_effect,number,p_val,non_p_val,abs(ratio),abs(number-100),score
0,"[4, [1], 0]",-10.449434426313962,-0.69339833211047,-0.6328365343576614,0.060561797752808566,104.0,0.020221634271436705,0.8457999172275581,10.449434426313962,4.0,0.0
1,"[4, [1, 2], 0]",-2.6702980087819075,-0.9674332142692883,-0.7038488372093017,0.2635843770599866,125.0,0.002894166203995067,0.22453587253723795,2.6702980087819075,25.0,0.0
2,"[5, [1], 0]",-10.877089042208677,-0.7011355498721246,-0.6421029411764723,0.0590326086956523,102.0,0.011043152524030962,0.7968349078922542,10.877089042208677,2.0,0.0
3,"[35, [24.252499999999998], 2]",6.065812923919569,-0.5283423946355255,-0.6326380728554648,-0.10429567821993935,60.0,0.018822158908507875,0.607570705263765,6.065812923919569,40.0,0.0
4,"[41, [25.760000000000002], 2]",20.90496040016656,-0.7958666666666669,-0.8358500000000006,-0.039983333333333704,60.0,0.01866335547452622,0.7305348709343138,20.90496040016656,40.0,0.0
