,rule,ratio,minus,trt_effect,nongroup_trt_effect,number,p_val,non_p_val,abs(ratio),abs(number-100),score
0,"[24, [68.817499999999995], 1]",187.02647287163836,-0.7098725287886518,-0.71368850464322,-0.0038159758545681655,60.0,0.046422635643623804,0.7873934643890955,187.02647287163836,40.0,0.0
1,"[37, [28.815000000000001], 2]",22.894207336810286,-0.6790140641277782,-0.7100274757431038,-0.03101341161532556,60.0,0.02477369928997964,0.7944105327652737,22.894207336810286,40.0,0.0
