,rule,ratio,minus,trt_effect,nongroup_trt_effect,number,p_val,non_p_val,abs(ratio),abs(number-100),score
0,"[19, [1, 2], 0]",-12.868402993309221,-0.667120816093683,-0.6190171651963494,0.048103650897333594,138.0,0.017576550688683617,0.9664870739534122,12.868402993309221,38.0,0.0
1,"[24, [28.069999999999997], 2]",4.879535489413611,-0.5356762035785136,-0.6737536113094791,-0.13807740773096544,60.0,0.041644602248798485,0.6051240151432642,4.879535489413611,40.0,0.0
2,"[26, [22.102499999999999], 2]",3.6754845987841143,-0.48426199658702984,-0.6652617290493676,-0.1809997324623378,60.0,0.026953013921541095,0.6585921160860249,3.6754845987841143,40.0,0.0
3,"[32, [69.739999999999995], 1]",11.244618592552028,-0.9815902238456129,-1.077405428187065,-0.09581520434145219,60.0,0.003593230833033687,0.7818180363429871,11.244618592552028,40.0,0.0
4,"[34, [20.397500000000001], 2]",4.584504831127473,-0.6270392539496541,-0.8019697627620594,-0.17493050881240535,60.0,0.008133757889374581,0.7478172476695526,4.584504831127473,40.0,0.0
5,"[38, [25.900000000000002], 2]",3.934736977336361,-0.5674523228234847,-0.7608094540436454,-0.19335713122016074,60.0,0.026007750140409045,0.4508365641971257,3.934736977336361,40.0,0.0
6,"[38, [49.18], 1]",64.63098617394701,-0.6346960535402255,-0.6446706915539311,-0.009974638013705572,120.0,0.006450874129175221,0.9165114376460044,64.63098617394701,20.0,0.0
