,rule,ratio,minus,trt_effect,nongroup_trt_effect,number,p_val,non_p_val,abs(ratio),abs(number-100),score
0,"[7, [1], 0]",-4.174195411442546,-0.9586356354837546,-0.7733632290022046,0.18527240648155008,104.0,0.02495555003013356,0.3999299298431538,4.174195411442546,4.0,0.0
1,"[11, [1], 0]",-4.803145251422621,-0.8094355669078546,-0.6699533496206991,0.13948221728715549,100.0,0.03642726012353841,0.4585767592634947,4.803145251422621,0.0,0.0
2,"[13, [1], 0]",36.843478140903194,-0.6372557810739616,-0.6550346299504257,-0.017778848876464082,85.0,0.044312736953516806,0.7946484478590206,36.843478140903194,15.0,0.0
3,"[13, [1, 2], 0]",-5.968531968128228,-0.8404064093253636,-0.7198062006775299,0.12060020864783372,107.0,0.016102206026621328,0.4021216743922438,5.968531968128228,7.0,0.0
4,"[20, [0, 2], 0]",-2.2452916151049584,-0.9219973421402017,-0.6378942625128312,0.28410307962737047,138.0,0.01937186173826091,0.21794959292496496,2.2452916151049584,38.0,0.0
5,"[25, [24.032500000000002], 2]",19.621433764223667,-0.7524708031139093,-0.7928796573751526,-0.0404088542612433,60.0,0.048550292096513,0.9145624363425819,19.621433764223667,40.0,0.0
6,"[30, [49.590000000000003], 1]",-3.1694126068472124,-0.83229040494688,-0.6326722612352089,0.19961814371167108,119.0,0.028614738029413736,0.27459542334375153,3.1694126068472124,19.0,0.0
