,rule,ratio,minus,trt_effect,nongroup_trt_effect,number,p_val,non_p_val,abs(ratio),abs(number-100),score
0,"[10, [0], 0]",12.4015555222105,-0.6847493342812871,-0.744806870548806,-0.06005753626751886,108.0,0.00938608948337967,0.7666690991291314,12.4015555222105,8.0,0.0
1,"[11, [0], 0]",110.21328172573251,-0.7343514527470809,-0.7410754650754647,-0.006724012328383822,114.0,0.0038920487440032288,0.9180366754408287,110.21328172573251,14.0,0.0
2,"[11, [0, 2], 0]",33.08879714018664,-0.588519325701296,-0.6068596618357489,-0.01834033613445296,137.0,0.01068801108758135,0.9500329307012942,33.08879714018664,37.0,0.0
3,"[20, [0, 2], 0]",174.31511482058903,-0.6002107944627131,-0.6036739130434787,-0.003463118580765645,143.0,0.012801588290167759,0.9457480484709921,174.31511482058903,43.0,0.0
4,"[29, [52.099999999999994], 2]",6.507853769165957,-0.5235520999468362,-0.6186076555023927,-0.09505555555555656,120.0,0.016815217888547597,0.7878092389795912,6.507853769165957,20.0,0.0
5,"[31, [27.969999999999999], 2]",3.2725363009762303,-0.5618858248432597,-0.8091363636363633,-0.24725053879310366,60.0,0.02734567890416911,0.25676050728271815,3.2725363009762303,40.0,0.0
6,"[36, [21.017499999999998], 2]",3.8919534179586535,-0.6189239354656584,-0.8329398084815312,-0.21401587301587277,60.0,0.029733958316580544,0.2994181884870918,3.8919534179586535,40.0,0.0
7,"[41, [73.740000000000009], 1]",3.7260988034593003,-0.5752749999999995,-0.7862999999999998,-0.21102500000000024,60.0,0.03168743695884528,0.3618408745659436,3.7260988034593003,40.0,0.0
8,"[43, [47.099999999999994], 1]",6.935602695277263,-0.5312392596521454,-0.6207397344859533,-0.08950047483380796,120.0,0.007841923478668666,0.912996962355893,6.935602695277263,20.0,0.0
