,rule,ratio,minus,trt_effect,nongroup_trt_effect,number,p_val,non_p_val,abs(ratio),abs(number-100),score
0,"[15, [0], 0]",-7.479734570689918,-0.819627951166459,-0.7229706862091936,0.09665726495726545,117.0,0.0030802362671567608,0.4495793511452415,7.479734570689918,17.0,0.0
1,"[28, [75.254999999999995], 1]",46.57413176698243,-1.0693611827785752,-1.0928253968253978,-0.02346421404682264,60.0,0.0025569314734742088,0.9217109420250525,46.57413176698243,40.0,0.0
2,"[32, [29.049999999999997], 2]",5.183445210522761,-0.5810030017484848,-0.7198844672657261,-0.13888146551724123,60.0,0.018282585036747536,0.7165411867598879,5.183445210522761,40.0,0.0
3,"[37, [32.740000000000002], 2]",4.839418022387439,-0.5529914994156737,-0.6970215311004786,-0.14403003168480488,60.0,0.02938623948439201,0.5678760744854153,4.839418022387439,40.0,0.0
