,rule,ratio,minus,trt_effect,nongroup_trt_effect,number,p_val,non_p_val,abs(ratio),abs(number-100),score
0,"[26, [71.492500000000007], 1]",11.068865792995618,-0.8130184233638822,-0.8937642034823794,-0.0807457801184972,60.0,0.009690255656366715,0.7585345473924848,11.068865792995618,40.0,0.0
1,"[33, [23.005000000000003], 2]",18.479902364539665,-0.7220930136591885,-0.7634029133714462,-0.041309899712257625,60.0,0.03392407746967859,0.7383757899575433,18.479902364539665,40.0,0.0
2,"[39, [23.425000000000001], 2]",6.048361873404816,-0.5261452473112929,-0.6303662323565744,-0.10422098504528154,60.0,0.046423869161211,0.5663001512734906,6.048361873404816,40.0,0.0
3,"[40, [75.522500000000008], 1]",6.678098632455772,-0.6390554706671319,-0.7516029116387131,-0.1125474409715812,60.0,0.019224567256558543,0.6172549797577419,6.678098632455772,40.0,0.0
4,"[41, [26.272500000000001], 2]",6.526143665432375,-0.593752388447828,-0.701196643319796,-0.10744425487196807,60.0,0.040981799944223865,0.4662823931770905,6.526143665432375,40.0,0.0
5,"[42, [48.355000000000004], 1]",-6.316395914148947,-0.7109691935486797,-0.6137944094211889,0.09717478412749081,120.0,0.024049761081748618,0.9448562419047228,6.316395914148947,20.0,0.0
