,rule,ratio,minus,trt_effect,nongroup_trt_effect,number,p_val,non_p_val,abs(ratio),abs(number-100),score
0,"[18, [0], 0]",-7.916346641894613,-0.7389174603174613,-0.6560452380952384,0.0828722222222229,106.0,0.01647289589043943,0.9829903326277004,7.916346641894613,6.0,0.0
1,"[19, [0], 0]",-5.257374881567449,-0.7505433475043306,-0.63059794520548,0.11994540229885065,113.0,0.015664334240535965,0.9524033817103692,5.257374881567449,13.0,0.0
2,"[26, [23.335000000000001], 2]",8.941064617919263,-0.6405300059881815,-0.7211904761904773,-0.08066047020229572,60.0,0.0254724426928377,0.512630434735689,8.941064617919263,40.0,0.0
