,rule,ratio,minus,trt_effect,nongroup_trt_effect,number,p_val,non_p_val,abs(ratio),abs(number-100),score
0,"[5, [0], 0]",-14.724619218056855,-0.6867404572662164,-0.6430675105485228,0.043672946717693506,118.0,0.014687147166957897,0.8156682181134274,14.724619218056855,18.0,0.0
1,"[6, [1, 2], 0]",-8.623426484387345,-0.732865635082689,-0.656711301044635,0.07615433403805394,120.0,0.011232793592673493,0.891170890619573,8.623426484387345,20.0,0.0
2,"[8, [0], 0]",879.7728524229085,-0.6137890384615377,-0.6144874999999992,-0.0006984615384615367,112.0,0.021123944197257664,0.8260473014140262,879.7728524229085,12.0,0.0
3,"[8, [0, 2], 0]",-2.680596865636256,-1.0136018712006063,-0.7382112462006072,0.2753906249999991,136.0,0.0031921516696810266,0.5126029424303973,2.680596865636256,36.0,0.0
4,"[14, [1], 0]",-12.969125254617737,-0.9210174504458299,-0.8550850864890123,0.06593236395681767,100.0,0.0011116181347613175,0.7800196625083243,12.969125254617737,0.0,0.0
5,"[32, [24.477499999999999], 2]",4.722338444552141,-0.5743879452255349,-0.7286963064295477,-0.1543083612040128,60.0,0.044476735227528916,0.4026720823955845,4.722338444552141,40.0,0.0
6,"[36, [74.090000000000003], 1]",4.243753315790327,-0.505892840982546,-0.6618519388954178,-0.15595909791287177,60.0,0.04316124323223213,0.3727301543103311,4.243753315790327,40.0,0.0
7,"[42, [52.469999999999999], 1]",-10.275668588168692,-0.6683764733341091,-0.609100478468898,0.05927599486521107,120.0,0.011870270963426282,0.8170786696404377,10.275668588168692,20.0,0.0
8,"[42, [75.239999999999995], 1]",7.076758509418727,-0.653707296650718,-0.7612822966507178,-0.10757499999999975,60.0,0.0461316030808683,0.49380057518673903,7.076758509418727,40.0,0.0
