,rule,ratio,minus,trt_effect,nongroup_trt_effect,number,p_val,non_p_val,abs(ratio),abs(number-100),score
0,"[8, [1], 0]",-8.92465820744672,-0.6758009654744432,-0.6077078431372556,0.06809312233718767,94.0,0.022030107871204557,0.9529446913886884,8.92465820744672,6.0,0.0
1,"[20, [1], 0]",-9.03537376544421,-0.7354113761882441,-0.6621294642857141,0.07328191190253008,88.0,0.011313936092373475,0.9969407378530055,9.03537376544421,12.0,0.0
2,"[20, [1, 2], 0]",-2.8821958685364937,-0.9232480142021267,-0.685432085932085,0.2378159282700416,113.0,0.003399629339045651,0.4973217503785702,2.8821958685364937,13.0,0.0
3,"[23, [0], 0]",-2.5132092014442486,-0.8964017543507046,-0.64124992508241,0.2551518292682946,118.0,0.0033897210333412716,0.4354515751069944,2.5132092014442486,18.0,0.0
4,"[24, [80.0625], 1]",65.37133967789411,-0.6978670634920636,-0.708708333333333,-0.01084126984126943,60.0,0.019343710201625213,0.8902738442034701,65.37133967789411,40.0,0.0
