,rule,ratio,minus,trt_effect,nongroup_trt_effect,number,p_val,non_p_val,abs(ratio),abs(number-100),score
0,"[27, [24.172499999999999], 2]",1580.3004899708872,-0.7833531935900364,-0.7838492063492071,-0.0004960127591706609,60.0,0.009852003276747932,0.7985029408809453,1580.3004899708872,40.0,0.0
1,"[31, [22.3675], 2]",-10.179579005667366,-1.0716019070843759,-0.9757483953786901,0.09585351170568579,60.0,0.0037298901288740764,0.5425042161975024,10.179579005667366,40.0,0.0
