,rule,ratio,minus,trt_effect,nongroup_trt_effect,number,p_val,non_p_val,abs(ratio),abs(number-100),score
0,"[12, [0], 0]",8.082578545367928,-0.5484107547119734,-0.625841700404858,-0.07743094569288456,103.0,0.018543312903260167,0.8250372445633816,8.082578545367928,3.0,0.0
1,"[14, [1], 0]",6.927372125069067,-0.5363844688732451,-0.6268772635814894,-0.09049279470824434,106.0,0.020466382194418913,0.8134348499429025,6.927372125069067,6.0,0.0
2,"[18, [0], 0]",14.244472411449399,-0.6495922895071811,-0.6986385836385827,-0.0490462941314016,102.0,0.004856672319332157,0.9159156318533099,14.244472411449399,2.0,0.0
3,"[20, [0], 0]",-12.05800483640534,-0.832041661456798,-0.768322764743183,0.06371889671361508,121.0,0.001131011402702092,0.5368880148656853,12.05800483640534,21.0,0.0
4,"[26, [27.807499999999997], 2]",3.9928155961983043,-0.5815854925303459,-0.7759126984126992,-0.1943272058823533,60.0,0.04547217469044602,0.38651412977221955,3.9928155961983043,40.0,0.0
5,"[31, [23.442499999999999], 2]",4.3336157414212915,-0.6100741366836386,-0.7930808729139915,-0.1830067362303529,60.0,0.014715713737638183,0.5083674944448987,4.3336157414212915,40.0,0.0
6,"[34, [50.960000000000001], 2]",82.94887396285772,-0.626434913923287,-0.6340791301721547,-0.007644216248867686,120.0,0.0040976931829501285,0.858825392208566,82.94887396285772,20.0,0.0
7,"[37, [75.515000000000001], 1]",3.0745391229643637,-0.42556918625842943,-0.6307083333333336,-0.20513914707490422,60.0,0.009243818433759958,0.5068321864798636,3.0745391229643637,40.0,0.0
8,"[38, [45.810000000000002], 1]",-5.4176195254423085,-0.8804023230458684,-0.7432171378606824,0.13718518518518596,120.0,0.006572843162500218,0.6641177979810658,5.4176195254423085,20.0,0.0
