,rule,ratio,minus,trt_effect,nongroup_trt_effect,number,p_val,non_p_val,abs(ratio),abs(number-100),score
0,"[9, [1], 0]",13.076677555961199,-0.5921942270755984,-0.6412304147465431,-0.04903618767094464,94.0,0.010667227031704066,0.9290010018644491,13.076677555961199,6.0,0.0
1,"[16, [0], 0]",-18.471579453037428,-0.6556984506721353,-0.6220238095238102,0.03367464114832508,120.0,0.012329073029175823,0.8148521656313111,18.471579453037428,20.0,0.0
2,"[24, [49.454999999999998], 1]",-3.1759116081653866,-1.1592250702513853,-0.8816269841269833,0.27759808612440207,120.0,0.00025853201423961313,0.2143652423789273,3.1759116081653866,20.0,0.0
3,"[24, [74.525000000000006], 1]",17.581733735450506,-0.9281721628424773,-0.984147742818057,-0.05597557997557967,60.0,0.0015891252608470324,0.8302084279885836,17.581733735450506,40.0,0.0
4,"[25, [74.747500000000002], 1]",9.791581904921447,-0.7820414280992605,-0.8709948652118102,-0.08895343711254977,60.0,0.01537558036507512,0.602145835401521,9.791581904921447,40.0,0.0
5,"[28, [23.7075], 2]",5.622350852952028,-0.569387919539329,-0.6925693779904316,-0.12318145845110262,60.0,0.044481266061463964,0.5144114080793535,5.622350852952028,40.0,0.0
6,"[31, [23.439999999999998], 2]",5.749944451474243,-0.6274445485867037,-0.7595396825396836,-0.1320951339529799,60.0,0.023923331142724463,0.5571937237081912,5.749944451474243,40.0,0.0
7,"[31, [46.774999999999999], 2]",-6.954043309756449,-0.7319759343260417,-0.6399502933004015,0.09202564102564015,120.0,0.007588108309069357,0.6722741483058983,6.954043309756449,20.0,0.0
8,"[33, [78.797499999999999], 1]",8.321527631408284,-0.7502733205387102,-0.8527482900136798,-0.10247496947496959,60.0,0.02852271259535859,0.5596771161192782,8.321527631408284,40.0,0.0
