,rule,ratio,minus,trt_effect,nongroup_trt_effect,number,p_val,non_p_val,abs(ratio),abs(number-100),score
0,"[16, [1], 0]",-3.307748617630002,-1.349737301587301,-1.0364095238095237,0.3133277777777774,110.0,1.5905841702750044e-05,0.10485625191995264,3.307748617630002,10.0,0.0
1,"[16, [1, 2], 0]",-2.973048938765565,-1.192752839851738,-0.8925418788907766,0.30021096096096134,131.0,8.118878428047071e-05,0.16592055186212473,2.973048938765565,31.0,0.0
2,"[17, [1], 0]",4.587814627360231,-0.47521635720601196,-0.6076692307692309,-0.1324528735632189,108.0,0.015612699388520937,0.75318554295998,4.587814627360231,8.0,0.0
3,"[35, [23.552500000000002], 2]",24.566483286683834,-0.9248952020202026,-0.9641414141414151,-0.03924621212121249,60.0,0.001591185997758279,0.9175560529333221,24.566483286683834,40.0,0.0
4,"[36, [79.049999999999997], 1]",7.60397536813891,-0.7162963471874395,-0.8247607655502387,-0.10846441836279919,60.0,0.04870359670103604,0.5678687765524497,7.60397536813891,40.0,0.0
5,"[37, [45.605000000000004], 2]",-22.153833896923874,-0.7096990910324266,-0.67904761904762,0.030651471984806555,120.0,0.013797378537463897,0.8533074196871153,22.153833896923874,20.0,0.0
6,"[39, [24.552499999999998], 2]",5.875631623306824,-0.6963912423334762,-0.8392222222222232,-0.14283097988874704,60.0,0.008554215213821336,0.6270606450581233,5.875631623306824,40.0,0.0
7,"[41, [47.975000000000001], 1]",-14.160796034737546,-0.7034729683896357,-0.6570721747388415,0.04640079365079419,120.0,0.018055420520392745,0.8165902512049215,14.160796034737546,20.0,0.0
