,rule,ratio,minus,trt_effect,nongroup_trt_effect,number,p_val,non_p_val,abs(ratio),abs(number-100),score
0,"[10, [0], 0]",-6.611244854928185,-0.8007229612099351,-0.6955203331941675,0.10520262801576763,112.0,0.005448822380041851,0.6606176606627112,6.611244854928185,12.0,0.0
1,"[26, [74.972499999999997], 1]",18.828250831379567,-0.7123580401787608,-0.7523147385063913,-0.03995669832763049,60.0,0.009401125658114207,0.8820100983569092,18.828250831379567,40.0,0.0
2,"[30, [29.497499999999999], 2]",-17.09320658595574,-1.202926208984648,-1.1364412438531284,0.06648496513151958,60.0,0.0007336460860856033,0.7612070672758193,17.09320658595574,40.0,0.0
3,"[32, [73.429999999999993], 1]",16.249782985024567,-0.6853958769010227,-0.7303405084130965,-0.04494463151207384,60.0,0.03026649017300165,0.8336380646967608,16.249782985024567,40.0,0.0
4,"[37, [75.189999999999998], 1]",11.323536018788005,-0.5967509480884585,-0.6545558462359944,-0.057804898147535866,60.0,0.021357677344990268,0.8346446318640174,11.323536018788005,40.0,0.0
