,rule,ratio,minus,trt_effect,nongroup_trt_effect,number,p_val,non_p_val,abs(ratio),abs(number-100),score
0,"[4, [1], 0]",-10.530966687680582,-0.7478158838289897,-0.68296304849577,0.06485283533321962,108.0,0.0020381315396572333,0.7956337915510904,10.530966687680582,8.0,0.0
1,"[4, [1, 2], 0]",-2.3756065674197635,-1.0102259644247837,-0.71095353908495,0.2992724253398338,131.0,0.0007169537903778175,0.28423721168363547,2.3756065674197635,31.0,0.0
2,"[6, [1], 0]",-4.425097302407027,-1.291041583326911,-1.0530658362828724,0.23797574704403868,100.0,6.989001268390228e-05,0.36432096666243174,4.425097302407027,0.0,0.0
3,"[6, [1, 2], 0]",-3.243587441859836,-0.9270685355307879,-0.7086051367597515,0.2184633987710365,125.0,0.0009406983750841821,0.3475597194431568,3.243587441859836,25.0,0.0
4,"[13, [1], 0]",-40.53296031737111,-0.6484403376113734,-0.6328276691991928,0.015612668412180675,101.0,0.005623598921653702,0.9318413691660682,40.53296031737111,1.0,0.0
5,"[28, [70.620000000000005], 1]",5.117807001820679,-0.5630854432093333,-0.699829453543078,-0.13674401033374473,60.0,0.017835352238280124,0.38864009603743965,5.117807001820679,40.0,0.0
6,"[29, [78.292500000000004], 1]",5.003163315828096,-0.5392955105279089,-0.6740128497869868,-0.13471733925907792,60.0,0.04995420747432141,0.33494346078821824,5.003163315828096,40.0,0.0
7,"[33, [27.6875], 2]",9.243902829146283,-0.7240289318869708,-0.8118549224271758,-0.08782599054020501,60.0,0.0035414046082737484,0.5562169818271483,9.243902829146283,40.0,0.0
