,rule,ratio,minus,trt_effect,nongroup_trt_effect,number,p_val,non_p_val,abs(ratio),abs(number-100),score
0,"[35, [70.899999999999991], 1]",-8.009386667463007,-0.9516779928306578,-0.8460461637220682,0.10563182910858959,60.0,0.02014900665657962,0.7498519661732876,8.009386667463007,40.0,0.0
1,"[38, [26.077500000000001], 2]",-6.705057264030026,-0.8513874303663087,-0.7408902074136785,0.1104972229526302,60.0,0.029733958316580544,0.7917797252407839,6.705057264030026,40.0,0.0
2,"[42, [23.0975], 2]",-7.833592847263515,-0.6944544285551126,-0.6158392557072672,0.07861517284784547,60.0,0.020185448896492892,0.7547663470291233,7.833592847263515,40.0,0.0
3,"[43, [73.862499999999997], 1]",-6.554478716570239,-0.9250702106531907,-0.8026169951025119,0.12245321555067878,60.0,0.024157475717720155,0.5200276543789695,6.554478716570239,40.0,0.0
