,rule,ratio,minus,trt_effect,nongroup_trt_effect,number,p_val,non_p_val,abs(ratio),abs(number-100),score
0,"[6, [0], 0]",-3.3066727329040733,-0.8670688454486255,-0.6657373537789661,0.20133149166965936,113.0,0.014078351231786584,0.5151681441388831,3.3066727329040733,13.0,0.0
1,"[7, [0], 0]",-3.503662217019566,-0.8467864819462978,-0.6587647251754971,0.18802175677080069,115.0,0.008283448192500452,0.43258975574684344,3.503662217019566,15.0,0.0
2,"[18, [1], 0]",-2.8829041406275135,-0.8546576546126046,-0.6345498117044652,0.22010784290813934,117.0,0.0043623174034645275,0.27463278974881833,2.8829041406275135,17.0,0.0
3,"[18, [1, 2], 0]",-1.7206088557084471,-0.9852504152662176,-0.6231070615095975,0.3621433537566201,140.0,0.0038751938926845143,0.11433929804944933,1.7206088557084471,40.0,0.0
4,"[24, [18.8125], 2]",19.770600947317597,-0.6140164671597335,-0.6467280712731585,-0.032711604113425,60.0,0.026546257631795654,0.928599105148229,19.770600947317597,40.0,0.0
