,rule,ratio,minus,trt_effect,nongroup_trt_effect,number,p_val,non_p_val,abs(ratio),abs(number-100),score
0,"[27, [25.482500000000002], 2]",6.6762904137238275,-0.6532683819882026,-0.7683555840821557,-0.11508720209395307,60.0,0.016414217142186237,0.4008233108903734,6.6762904137238275,40.0,0.0
1,"[29, [27.4375], 2]",9.876511957886132,-0.7452577196814483,-0.8292161172161174,-0.08395839753466916,60.0,0.007861602528247401,0.5025818604654541,9.876511957886132,40.0,0.0
2,"[32, [48.519999999999996], 1]",-2.8465239964543447,-1.1391,-0.8429624999999996,0.2961375000000004,120.0,0.0001980002745384888,0.3496544683021897,2.8465239964543447,20.0,0.0
3,"[32, [71.760000000000005], 1]",10.989766549408504,-0.7809499999999998,-0.8591249999999988,-0.078174999999999,60.0,0.005001394074160035,0.505366615078108,10.989766549408504,40.0,0.0
4,"[38, [23.362499999999997], 2]",17.43434962849041,-0.903164750729518,-0.9581206675224649,-0.05495591679294698,60.0,0.0012212874782813194,0.6201561273767007,17.43434962849041,40.0,0.0
