,rule,ratio,minus,trt_effect,nongroup_trt_effect,number,p_val,non_p_val,abs(ratio),abs(number-100),score
0,"[30, [20.432499999999997], 2]",27.903640935283562,-0.737651058295568,-0.7650693196405651,-0.02741826134499714,60.0,0.01537558036507512,0.967583301195536,27.903640935283562,40.0,0.0
1,"[31, [18.317500000000003], 2]",43.51651734288862,-0.7107007916131787,-0.7274166666666666,-0.016715875053487927,60.0,0.021815081854635036,0.9289401845114325,43.51651734288862,40.0,0.0
2,"[41, [26.402499999999996], 2]",10.351394898346854,-0.5676296703296684,-0.6283296703296699,-0.06070000000000153,60.0,0.04312196680233159,0.7917797252407839,10.351394898346854,40.0,0.0
