,rule,ratio,minus,trt_effect,nongroup_trt_effect,number,p_val,non_p_val,abs(ratio),abs(number-100),score
0,"[25, [27.1175], 2]",8.332424620120735,-0.6242244397175059,-0.7093565034014047,-0.0851320636838988,60.0,0.01887498845022779,0.7270701321325841,8.332424620120735,40.0,0.0
1,"[26, [50.82], 1]",-3.4674647239118115,-0.8063826813459825,-0.6258814952862757,0.18050118605970678,120.0,0.009374617683209166,0.4670589017151735,3.4674647239118115,20.0,0.0
2,"[26, [77.200000000000003], 1]",16.356255842546553,-0.7535716376369024,-0.8026442530819402,-0.049072615445037826,60.0,0.02139246747640525,0.7409308841155092,16.356255842546553,40.0,0.0
3,"[30, [19.620000000000001], 2]",10.099353185876438,-0.6008293563172655,-0.6668592536125857,-0.06602989729532016,60.0,0.03144612534560345,0.7479019773989874,10.099353185876438,40.0,0.0
4,"[32, [76.852500000000006], 1]",16.92184353525247,-0.7384776363805283,-0.7848590516196285,-0.04638141523910022,60.0,0.013436812575155367,0.8644841349525032,16.92184353525247,40.0,0.0
5,"[34, [53.465000000000003], 1]",-5.550045888319772,-0.7101689863167993,-0.6017469999024456,0.10842198641435363,120.0,0.0183651769650264,0.7425681877333337,5.550045888319772,20.0,0.0
