,rule,ratio,minus,trt_effect,nongroup_trt_effect,number,p_val,non_p_val,abs(ratio),abs(number-100),score
0,"[26, [79.694999999999993], 1]",6.461031338130302,-0.6769228667184635,-0.8008779998802193,-0.12395513316175588,60.0,0.01132241048889423,0.6581152130053307,6.461031338130302,40.0,0.0
1,"[36, [77.607500000000002], 1]",3.2284007253761318,-0.41594095639881346,-0.6025954264239957,-0.1866544700251822,60.0,0.029733958316580544,0.49664300161954456,3.2284007253761318,40.0,0.0
