,rule,ratio,minus,trt_effect,nongroup_trt_effect,number,p_val,non_p_val,abs(ratio),abs(number-100),score
0,"[8, [1], 0]",7.069367245492562,-0.5684767545548528,-0.6621400198609741,-0.09366326530612135,91.0,0.039766651884506274,0.8351575831141034,7.069367245492562,9.0,0.0
1,"[8, [1, 2], 0]",302.0614866564677,-0.6591183534813227,-0.661307668231613,-0.002189314750290272,116.0,0.025969695740393563,0.8762306474979075,302.0614866564677,16.0,0.0
2,"[27, [48.024999999999999], 1]",15.259906143507708,-0.5820576800976793,-0.6228754578754581,-0.04081777777777873,120.0,0.015836713994216475,0.7552728419066377,15.259906143507708,20.0,0.0
3,"[37, [46.325000000000003], 1]",-23.793091413127605,-0.6940151957869505,-0.6660229142185665,0.02799228156838396,120.0,0.018070897943960103,0.6560024551244787,23.793091413127605,20.0,0.0
4,"[43, [75.594999999999999], 1]",10.26828908568341,-0.9565480396796175,-1.0597545787545783,-0.1032065390749608,60.0,0.012865335722078895,0.7541519205303492,10.26828908568341,40.0,0.0
