,rule,ratio,minus,trt_effect,nongroup_trt_effect,number,p_val,non_p_val,abs(ratio),abs(number-100),score
0,"[13, [1], 0]",8.053583310382018,-0.6010913097725243,-0.6863091746962704,-0.08521786492374606,108.0,0.01435505064026809,0.5403912898129384,8.053583310382018,8.0,0.0
1,"[13, [1, 2], 0]",-33.40067337456191,-0.7001784114957843,-0.6798247863247857,0.02035362517099859,129.0,0.004354332591683965,0.9637886194646587,33.40067337456191,29.0,0.0
2,"[31, [25.614999999999998], 2]",2.8802954573421307,-0.4626720663447248,-0.7087355584082164,-0.24606349206349165,60.0,0.03664528173741687,0.21382402686639812,2.8802954573421307,40.0,0.0
3,"[31, [75.262500000000003], 1]",2.3278045274024244,-0.35710423841667716,-0.6260476190476183,-0.26894338063094114,60.0,0.030617304151303572,0.16038475156800236,2.3278045274024244,40.0,0.0
4,"[35, [23.535], 2]",15.888341117481563,-1.117340908226753,-1.1923889541715624,-0.07504804594480952,60.0,0.00034284906422203643,0.6464948190110723,15.888341117481563,40.0,0.0
5,"[40, [28.612499999999997], 2]",5.4683465154619375,-0.7498069844858994,-0.9176111111111114,-0.16780412662521194,60.0,0.002303417303220963,0.40681038336136555,5.4683465154619375,40.0,0.0
6,"[40, [54.68], 2]",7.281269953288294,-0.5477267399267403,-0.6349267399267404,-0.08720000000000017,120.0,0.0024322931434965513,0.8564239183139175,7.281269953288294,20.0,0.0
7,"[41, [71.217500000000001], 1]",6.098834738677626,-0.7973561838354506,-0.9537362637362641,-0.15638007990081348,60.0,0.009222006575041339,0.35823833810201766,6.098834738677626,40.0,0.0
