,rule,ratio,minus,trt_effect,nongroup_trt_effect,number,p_val,non_p_val,abs(ratio),abs(number-100),score
0,"[8, [1], 0]",35.62241905618424,-0.8310148595202458,-0.8550170777988617,-0.024002218278615928,96.0,0.0016407988272186184,0.7954647929983707,35.62241905618424,4.0,0.0
1,"[8, [1, 2], 0]",13.51464217686131,-0.6248036287322911,-0.6747294372294377,-0.04992580849714656,119.0,0.005913314502423828,0.8559795300451554,13.51464217686131,19.0,0.0
2,"[9, [1], 0]",6.517219864176597,-0.5779944619613557,-0.6827563667232601,-0.10476190476190439,100.0,0.004813677975183673,0.9438104320755483,6.517219864176597,0.0,0.0
3,"[21, [0], 0]",5.582020797666581,-0.6617495421245412,-0.8061726190476186,-0.14442307692307743,124.0,0.003216642507390487,0.8415963187564055,5.582020797666581,24.0,0.0
4,"[23, [0, 2], 0]",11.92939363844746,-0.5864646539739722,-0.6401240493050091,-0.05365939533103692,134.0,0.014464666295495155,0.8802278075993453,11.92939363844746,34.0,0.0
5,"[24, [28.850000000000001], 2]",3.0789527962681857,-0.48819605459251747,-0.723023923444976,-0.23482786885245854,60.0,0.02938623948439201,0.3689769824471181,3.0789527962681857,40.0,0.0
6,"[32, [77.194999999999993], 1]",4.72697945408702,-0.7109324979428839,-0.9016854942233632,-0.19075299628047926,60.0,0.03129832879546301,0.4719766703204037,4.72697945408702,40.0,0.0
7,"[38, [26.9375], 2]",3.5865788435038963,-0.565222368284001,-0.7837435897435894,-0.2185212214595884,60.0,0.03711290485801784,0.31605295725243576,3.5865788435038963,40.0,0.0
8,"[38, [49.079999999999998], 1]",3.772658747079476,-0.47752775040549533,-0.6497551299589617,-0.17222737955346634,120.0,0.013871597805133378,0.6156818363385027,3.772658747079476,20.0,0.0
