,rule,ratio,minus,trt_effect,nongroup_trt_effect,number,p_val,non_p_val,abs(ratio),abs(number-100),score
0,"[4, [0], 0]",-1.9315908787541058,-1.2138725937270038,-0.7998064283134703,0.4140661654135336,110.0,0.001423714711707156,0.14023678704258333,1.9315908787541058,10.0,0.0
1,"[27, [31.692500000000003], 2]",12.582528507386193,-0.5913494623655904,-0.6424047619047615,-0.051055299539171095,60.0,0.03598941673576264,0.650784590212101,12.582528507386193,40.0,0.0
2,"[41, [49.805], 2]",-2.4847320624032587,-0.8718799620132938,-0.6216799620132942,0.25019999999999953,120.0,0.011505212916793307,0.4793933377423939,2.4847320624032587,20.0,0.0
