,rule,ratio,minus,trt_effect,nongroup_trt_effect,number,p_val,non_p_val,abs(ratio),abs(number-100),score
0,"[5, [0], 0]",25.160782048149432,-0.6088457030698402,-0.6340454545454541,-0.02519975147561393,116.0,0.01019946231638273,0.9195272911233526,25.160782048149432,16.0,0.0
1,"[11, [0], 0]",9.661801136767705,-0.6283874779268626,-0.7009344537815121,-0.07254697585464953,104.0,0.012005721364850567,0.8314952945428329,9.661801136767705,4.0,0.0
2,"[11, [0, 2], 0]",-36.790768246234016,-0.7049967265725305,-0.6863414634146352,0.01865526315789534,124.0,0.006592563162733884,0.8117672346360112,36.790768246234016,24.0,0.0
3,"[15, [1], 0]",11.347732606185236,-0.6233385318818572,-0.6835776736924277,-0.06023914181057055,103.0,0.007339661180181565,0.9771683252909694,11.347732606185236,3.0,0.0
4,"[15, [1, 2], 0]",-4.484004120065551,-1.0449839171061681,-0.8544326530612247,0.19055126404494338,119.0,0.0004914525711600155,0.3322102294527838,4.484004120065551,19.0,0.0
5,"[33, [27.085000000000001], 2]",3.2699451096376317,-0.5006000029489597,-0.7211339712918656,-0.22053396834290595,60.0,0.031746643507097834,0.4193399387033785,3.2699451096376317,40.0,0.0
6,"[33, [54.254999999999995], 2]",35.30002276834792,-0.6540131596798275,-0.6730805860805864,-0.01906742640075887,120.0,0.007936766541616378,0.9374761057378295,35.30002276834792,20.0,0.0
7,"[34, [49.719999999999999], 2]",8.879840419075062,-0.5357941269841273,-0.6037896825396825,-0.06799555555555514,120.0,0.024592565312273315,0.8857765180770246,8.879840419075062,20.0,0.0
